id,0,1,2,3,4,5,6,7,8,9,10,11,12,13,14,15,16,17,18,19
0,浙江省,舟山市,,岱东镇丰收站,,,,,,,,,,,,,,,,
1,浙江省,舟山市,,岱东镇北一村兴乐路3号,岱东镇北一村兴乐路,,,,,,,,,,,,,,,
2,上海市,上海市,普陀区,勾山街道三岔路8号和津广场3区,勾山街道三岔路8号和津广场,勾山街道三岔路,,,,,,,,,,,,,,
3,浙江省,舟山市,岱山县,经济开发区高亭镇徐福大道252号,经济开发区高亭镇徐福大道,,,,,,,,,,,,,,,
4,浙江省,舟山市,岱山县,用地，位于岱山县岱西镇前岸临港工业s号,,,,,,,,,,,,,,,,
5,浙江省,舟山市,岱山县,司名下位于岱山县岱西镇前岸临港工业s号,,,,,,,,,,,,,,,,
6,浙江省,舟山市,岱山县,岱西镇仇家门北堤,,,,,,,,,,,,,,,,
7,浙江省,舟山市,岱山县,东沙镇新道头,,,,,,,,,,,,,,,,
8,广东省,江门市,,岱西镇仇江门北侧,,,,,,,,,,,,,,,,
9,广东省,江门市,,岱西镇仇江门北侧,,,,,,,,,,,,,,,,
10,,,,,,,,,,,,,,,,,,,,
11,浙江省,舟山市,定海区,半岛路1号,半岛路,,,,,,,,,,,,,,,
12,浙江省,舟山市,定海区,解放西路135号内街商场130号,解放西路135号内街商场,解放西路,,,,,,,,,,,,,,
13,河南省,舟山市,定海区,东河南路,,,,,,,,,,,,,,,,
14,,,,徐福大道,,,,,,,,,,,,,,,,
15,浙江省,舟山市,岱山县,岱西镇前岸村,,,,,,,,,,,,,,,,
16,浙江省,舟山市,普陀区,六横镇润都嘉苑6号楼,六横镇润都嘉苑,,,,,,,,,,,,,,,
17,浙江省,舟山市,岱山县,东沙镇兴业路9号,东沙镇兴业路,,,,,,,,,,,,,,,
18,浙江省,舟山市,岱山县,东沙镇兴业路9号,东沙镇兴业路,,,,,,,,,,,,,,,
19,浙江省,舟山市,普陀区,沈家门新开小区11号,沈家门新开小区,,,,,,,,,,,,,,,
20,浙江省,舟山市,普陀区,沈家门滨港路23号,沈家门滨港路,,,,,,,,,,,,,,,
21,浙江省,舟山市,,盘峙东山头海岛,,,,,,,,,,,,,,,,
22,浙江省,舟山市,定海区,北蝉新港工业园区2008-gb10号,北蝉新港工业园区2008-gb,北蝉新港工业园区,,,,,,,,,,,,,,
23,广东省,江门市,岱山县,岱西镇仇江门,,,,,,,,,,,,,,,,
24,广东省,江门市,岱山县,岱西镇仇江门,,,,,,,,,,,,,,,,
25,广东省,江门市,岱山县,岱西镇仇江门,,,,,,,,,,,,,,,,
26,,,,人民北路s184,人民北路s,,,,,,,,,,,,,,,
27,浙江省,舟山市,定海区,解放西路55-57号,解放西路55-,解放西路,,,,,,,,,,,,,,
28,上海市,上海市,普陀区,东港海印路华荣公寓13号-23号,东港海印路华荣公寓13号-,东港海印路华荣公寓,,,,,,,,,,,,,,
29,,,,,,,,,,,,,,,,,,,,
30,浙江省,舟山市,定海区,兴舟大道390号,兴舟大道,,,,,,,,,,,,,,,
31,浙江省,舟山市,定海区,半岛路1号,半岛路,,,,,,,,,,,,,,,
32,浙江省,舟山市,定海区,环城东路111号沿街,环城东路,,,,,,,,,,,,,,,
33,浙江省,金华市,义乌市,稠江锦都盛世家园1幢2单,稠江锦都盛世家园1幢,稠江锦都盛世家园,,,,,,,,,,,,,,
34,浙江省,金华市,义乌市,经贝家园6幢1107室,经贝家园6幢,经贝家园,,,,,,,,,,,,,,
35,浙江省,金华市,义乌市,南门街536号303室,南门街536号,南门街,,,,,,,,,,,,,,
36,浙江省,衢州市,,花园东大道158号,花园东大道,,,,,,,,,,,,,,,
37,浙江省,衢州市,江山市,鹿溪中路138幢605室,鹿溪中路138幢,鹿溪中路,,,,,,,,,,,,,,
38,,,,,,,,,,,,,,,,,,,,
39,,,,常山球川镇红旗岗,,,,,,,,,,,,,,,,
40,浙江省,衢州市,,新桥街80、82、84号,新桥街80、82、,新桥街80、,新桥街,,,,,,,,,,,,,
41,浙江省,衢州市,常山县,金川街道宁都路8号,金川街道宁都路,,,,,,,,,,,,,,,
42,浙江省,衢州市,开化县,城关芹南农贸市场,,,,,,,,,,,,,,,,
43,浙江省,衢州市,江山市,清湖路口村路口自然村203号,清湖路口村路口自然村,,,,,,,,,,,,,,,
44,浙江省,衢州市,东港市,工业区东港1路10号1幢-6幢,工业区东港1路10号1幢-,工业区东港1路10号,工业区东港1路,工业区东港,,,,,,,,,,,,
45,浙江省,衢州市,开化县,池淮镇烟煤洞1号,池淮镇烟煤洞,,,,,,,,,,,,,,,
46,浙江省,衢州市,开化县,华埠镇工业功能区叶家岭3号,华埠镇工业功能区叶家岭,,,,,,,,,,,,,,,
47,浙江省,衢州市,衢江区,仙岩路10号,仙岩路,,,,,,,,,,,,,,,
48,浙江省,衢州市,,劳动路109-4号,劳动路109-,劳动路,,,,,,,,,,,,,,
49,福建省,南平市,浦城县,梦笔山路518号,梦笔山路,,,,,,,,,,,,,,,
50,浙江省,衢州市,衢江区,仙岩路18号,仙岩路,,,,,,,,,,,,,,,
51,浙江省,衢州市,,经济技术开发区盘龙路南路2号1幢、2幢、3幢,经济技术开发区盘龙路南路2号1幢、2幢、,经济技术开发区盘龙路南路2号1幢、,经济技术开发区盘龙路南路2号,经济技术开发区盘龙路南路,,,,,,,,,,,,
52,浙江省,衢州市,柯城区,港琴西路1号,港琴西路,,,,,,,,,,,,,,,
53,江西省,景德镇市,乐平市,安平中路84号,安平中路,,,,,,,,,,,,,,,
54,浙江省,衢州市,,上街s70b区s,上街s,,,,,,,,,,,,,,,
55,浙江省,衢州市,柯城区,东港六路11号4、5、6号,东港六路11号4、5、,东港六路11号4、,东港六路11号,东港六路,,,,,,,,,,,,
56,浙江省,衢州市,,须江镇达道解放路37幢101室,须江镇达道解放路37幢,须江镇达道解放路,,,,,,,,,,,,,,
57,浙江省,衢州市,江山市,虎山街道东岳路19幢38、40、46、48、50、52、673、675、677、679号,虎山街道东岳路19幢38、40、46、48、50、52、673、675、677、,虎山街道东岳路19幢38、40、46、48、50、52、673、675、,虎山街道东岳路19幢38、40、46、48、50、52、673、,虎山街道东岳路19幢38、40、46、48、50、52、,虎山街道东岳路19幢38、40、46、48、50、,虎山街道东岳路19幢38、40、46、48、,虎山街道东岳路19幢38、40、46、,虎山街道东岳路19幢38、40、,虎山街道东岳路19幢38、,虎山街道东岳路19幢,虎山街道东岳路,,,,,
58,浙江省,衢州市,,南新衙门9、11、19号,南新衙门9、11、,南新衙门9、,南新衙门,,,,,,,,,,,,,
59,,,,常山新都工业区,,,,,,,,,,,,,,,,
60,浙江省,台州市,,新东方商厦,,,,,,,,,,,,,,,,
61,浙江省,台州市,,鑫泰街221号,鑫泰街,,,,,,,,,,,,,,,
62,浙江省,宁波市,海曙区,君子街18号909室,君子街18号,君子街,,,,,,,,,,,,,,
63,浙江省,舟山市,普陀区,朱家尖泗苏北站海塘[UNK],,,,,,,,,,,,,,,,
64,浙江省,宁波市,江北区,慈城镇塘家湾85号03,慈城镇塘家湾85号,慈城镇塘家湾,,,,,,,,,,,,,,
65,浙江省,宁波市,北仑区,新[UNK868进港路s号,新[UNK,,,,,,,,,,,,,,,
66,,,,古塘街道海关北路213弄8号,古塘街道海关北路213弄,古塘街道海关北路,,,,,,,,,,,,,,
67,,,,余杭镇金成白云深处别墅林泉居27号,余杭镇金成白云深处别墅林泉居,,,,,,,,,,,,,,,
68,浙江省,绍兴市,,柯桥金柯桥大道2998号绍兴轻纺贸易中心3幢1283室、3幢1284室,柯桥金柯桥大道2998号绍兴轻纺贸易中心3幢1283室、3幢,柯桥金柯桥大道2998号绍兴轻纺贸易中心3幢1283室、,柯桥金柯桥大道2998号绍兴轻纺贸易中心3幢,柯桥金柯桥大道2998号绍兴轻纺贸易中心,柯桥金柯桥大道,,,,,,,,,,,
69,,,,奉化南山路154号,奉化南山路,,,,,,,,,,,,,,,
70,,,,奉化市南山路154号,奉化市南山路,,,,,,,,,,,,,,,
71,浙江省,宁波市,余姚市,城区永丰村,,,,,,,,,,,,,,,,
72,浙江省,宁波市,鄞州区,光华路299弄10幢,光华路299弄,光华路,,,,,,,,,,,,,,
73,,,,南二环群丰村,,,,,,,,,,,,,,,,
74,,,,掌起镇工业园区,,,,,,,,,,,,,,,,
75,,,,慈甬路,,,,,,,,,,,,,,,,
76,浙江省,宁波市,慈溪市,玫瑰园南区27号,玫瑰园南区,,,,,,,,,,,,,,,
77,浙江省,宁波市,慈溪市,浒山蓝鹰大厦,,,,,,,,,,,,,,,,
78,浙江省,宁波市,余姚市,丈亭镇诺丁山郡庄园51幢,丈亭镇诺丁山郡庄园,,,,,,,,,,,,,,,
79,浙江省,宁波市,,江东区江东南路19号401室,江东区江东南路19号,江东区江东南路,,,,,,,,,,,,,,
80,浙江省,宁波市,余姚市,朗霞街道裘皮城a幢5005-5010号,朗霞街道裘皮城a幢5005-,朗霞街道裘皮城a幢,,,,,,,,,,,,,,
81,浙江省,舟山市,岱山县,秀山乡三礁村,,,,,,,,,,,,,,,,
82,,,,,,,,,,,,,,,,,,,,
83,浙江省,宁波市,象山县,高塘岛乡孝贤湾村,,,,,,,,,,,,,,,,
84,浙江省,宁波市,宁海县,西店镇集义村,,,,,,,,,,,,,,,,
85,浙江省,宁波市,镇海区,庄市街道聚兴路88号3-1、3-2、3-3、3+1-1室,庄市街道聚兴路88号3-1、3-2、3-3、3+1-,庄市街道聚兴路88号3-1、3-2、3-3、3+,庄市街道聚兴路88号3-1、3-2、3-3、,庄市街道聚兴路88号3-1、3-2、3-,庄市街道聚兴路88号3-1、3-2、,庄市街道聚兴路88号3-1、3-,庄市街道聚兴路88号3-1、,庄市街道聚兴路88号3-,庄市街道聚兴路88号,庄市街道聚兴路,,,,,,
86,浙江省,宁波市,象山县,滨海工业园区海泰路8号,滨海工业园区海泰路,,,,,,,,,,,,,,,
87,浙江省,宁波市,,江东区宁穿路350-352号,江东区宁穿路350-,江东区宁穿路,,,,,,,,,,,,,,
88,,,江北区,慈城镇西门外太平桥,,,,,,,,,,,,,,,,
89,浙江省,宁波市,宁海县,物流中心冠北区,,,,,,,,,,,,,,,,
90,浙江省,宁波市,宁海县,大佳何滨海村,,,,,,,,,,,,,,,,
91,浙江省,宁波市,鄞州区,下应街道环城南路东段1678号1802室,下应街道环城南路东段1678号,下应街道环城南路东段,,,,,,,,,,,,,,
92,浙江省,宁波市,慈溪市,新浦镇老浦江路107弄12号,新浦镇老浦江路107弄,新浦镇老浦江路,,,,,,,,,,,,,,
93,,,,,,,,,,,,,,,,,,,,
94,浙江省,宁波市,北仑区,新[UNK461进港463s号,新[UNK461进港,新[UNK,,,,,,,,,,,,,,
95,浙江省,宁波市,北仑区,新[UNK465进483路s～s号,新[UNK465进,新[UNK,,,,,,,,,,,,,,
96,浙江省,宁波市,慈溪市,掌起镇四房村,,,,,,,,,,,,,,,,
97,浙江省,宁波市,江北区,扬善路51、53号，玛瑙路8号,扬善路51、53号，玛瑙路,扬善路51、,扬善路,,,,,,,,,,,,,
98,浙江省,宁波市,宁海县,靖海路38弄13号,靖海路38弄,靖海路,,,,,,,,,,,,,,
99,浙江省,宁波市,宁海县,隔水洋村a地块江南名都1幢,隔水洋村a地块江南名都,,,,,,,,,,,,,,,
100,浙江省,宁波市,,江东区江南路69号,江东区江南路,,,,,,,,,,,,,,,
101,,,,大榭开发区榭南工业新区s-4-1地3,大榭开发区榭南工业新区s-4-1地,大榭开发区榭南工业新区s-4-,大榭开发区榭南工业新区s-,,,,,,,,,,,,,
102,,,,奉化市绿都52幢901室,奉化市绿都52幢,奉化市绿都,,,,,,,,,,,,,,
103,浙江省,宁波市,余姚市,城区新西门路102-112、四明西路286-296号,城区新西门路102-112、四明西路286-,城区新西门路102-112、四明西路,城区新西门路102-,城区新西门路,,,,,,,,,,,,
104,浙江省,宁波市,镇海区,招宝山街道鼓楼东路27号4-2室,招宝山街道鼓楼东路27号4-,招宝山街道鼓楼东路27号,招宝山街道鼓楼东路,,,,,,,,,,,,,
105,浙江省,宁波市,,保税区兴业三路22号,保税区兴业三路,,,,,,,,,,,,,,,
106,浙江省,宁波市,,江东区中兴路717号,江东区中兴路,,,,,,,,,,,,,,,
107,辽宁省,丹东市,,象山丹东街道天安路135弄5-1号,象山丹东街道天安路135弄5-,象山丹东街道天安路135弄,象山丹东街道天安路,,,,,,,,,,,,,
108,辽宁省,丹东市,象山县,街道天安路135弄9号,街道天安路135弄,街道天安路,,,,,,,,,,,,,,
109,浙江省,宁波市,鄞州区,长寿南路126弄96号601室,长寿南路126弄96号,长寿南路126弄,长寿南路,,,,,,,,,,,,,
110,浙江省,宁波市,慈溪市,横河镇龙南村,,,,,,,,,,,,,,,,
111,重庆市,重庆市,渝中区,学田湾正街55号附1号,学田湾正街55号附,学田湾正街,,,,,,,,,,,,,,
112,浙江省,宁波市,鄞州区,中河街道永佳苑,,,,,,,,,,,,,,,,
113,浙江省,宁波市,余姚市,泗门镇夹塘村,,,,,,,,,,,,,,,,
114,浙江省,宁波市,镇海区,庄市街道勤勇村,,,,,,,,,,,,,,,,
115,浙江省,宁波市,镇海区,三区鼓楼西路115弄11号501室,三区鼓楼西路115弄11号,三区鼓楼西路115弄,三区鼓楼西路,,,,,,,,,,,,,
116,安徽省,芜湖市,,经济开发区银湖春天33幢,经济开发区银湖春天,,,,,,,,,,,,,,,
117,,,,,,,,,,,,,,,,,,,,
118,上海市,上海市,松江区,九亭镇涞亭南路599弄236号,九亭镇涞亭南路599弄,九亭镇涞亭南路,,,,,,,,,,,,,,
119,浙江省,宁波市,象山县,爵溪十字西街71号,爵溪十字西街,,,,,,,,,,,,,,,
120,浙江省,宁波市,宁海县,科三路11号,科三路,,,,,,,,,,,,,,,
121,浙江省,宁波市,象山县,贤痒镇东风村象山港口工业小区,,,,,,,,,,,,,,,,
122,浙江省,宁波市,象山县,爵溪街道北塘,,,,,,,,,,,,,,,,
123,,,,奉化市茗山路190号,奉化市茗山路,,,,,,,,,,,,,,,
124,浙江省,宁波市,江北区,长岛花园8幢42号,长岛花园8幢,长岛花园,,,,,,,,,,,,,,
125,浙江省,宁波市,象山县,滨海大道西段南侧,,,,,,,,,,,,,,,,
126,,,,古塘街道石桥头村,,,,,,,,,,,,,,,,
127,浙江省,宁波市,慈溪市,逍林镇择乐路村,,,,,,,,,,,,,,,,
128,浙江省,宁波市,宁海县,长街镇保险路,,,,,,,,,,,,,,,,
129,浙江省,宁波市,宁海县,强蛟镇新西村,,,,,,,,,,,,,,,,
130,浙江省,宁波市,北仑区,小港一品江南5幢1801室,小港一品江南5幢,小港一品江南,,,,,,,,,,,,,,
131,浙江省,宁波市,鄞州区,集士港镇丰成村新旺大厦301,集士港镇丰成村新旺大厦,,,,,,,,,,,,,,,
132,浙江省,宁波市,,江东区江东南路51号201室,江东区江东南路51号,江东区江东南路,,,,,,,,,,,,,,
133,浙江省,宁波市,鄞州区,集士港丰成村新旺大厦901,集士港丰成村新旺大厦,,,,,,,,,,,,,,,
134,浙江省,宁波市,江北区,广厦怡庭北区23幢182号506室,广厦怡庭北区23幢182号,广厦怡庭北区23幢,广厦怡庭北区,,,,,,,,,,,,,
135,浙江省,宁波市,鄞州区,首南街道环球城6幢7号2906室,首南街道环球城6幢7号,首南街道环球城6幢,首南街道环球城,,,,,,,,,,,,,
136,浙江省,宁波市,鄞州区,集士港镇丰成村新旺大厦701,集士港镇丰成村新旺大厦,,,,,,,,,,,,,,,
137,浙江省,宁波市,鄞州区,集士港镇丰成村新旺大厦501,集士港镇丰成村新旺大厦,,,,,,,,,,,,,,,
138,浙江省,宁波市,北仑区,霞浦泰东河路272号2幢272号,霞浦泰东河路272号2幢,霞浦泰东河路272号,霞浦泰东河路,,,,,,,,,,,,,
139,海南省,宁波市,镇海区,庄市街道明海南路312号1-1室,庄市街道明海南路312号1-,庄市街道明海南路312号,庄市街道明海南路,,,,,,,,,,,,,
140,浙江省,宁波市,海曙区,环城西路南段17号,环城西路南段,,,,,,,,,,,,,,,
141,浙江省,宁波市,,江东区朝晖路416弄144号27幢608室,江东区朝晖路416弄144号27幢,江东区朝晖路416弄144号,江东区朝晖路416弄,江东区朝晖路,,,,,,,,,,,,
142,,,,龙山镇新东村,,,,,,,,,,,,,,,,
143,浙江省,宁波市,,杭州湾新区晓塘路123号,杭州湾新区晓塘路,,,,,,,,,,,,,,,
144,浙江省,宁波市,慈溪市,浒山街道景观花苑3#楼3-21d,浒山街道景观花苑3#楼3-,浒山街道景观花苑3#楼,浒山街道景观花苑,,,,,,,,,,,,,
145,浙江省,宁波市,宁海县,强蛟镇薛岙毛头山脚储岩凌,,,,,,,,,,,,,,,,
146,,,,浒山街道环城南路1-23号,浒山街道环城南路1-,浒山街道环城南路,,,,,,,,,,,,,,
147,浙江省,宁波市,慈溪市,慈东滨海区,,,,,,,,,,,,,,,,
148,,,,联丰路55号,联丰路,,,,,,,,,,,,,,,
149,浙江省,宁波市,慈溪市,新浦镇上舍村,,,,,,,,,,,,,,,,
150,,,,长河镇宁丰村,,,,,,,,,,,,,,,,
151,浙江省,宁波市,慈溪市,长河镇,,,,,,,,,,,,,,,,
152,,,,长河镇宁丰村,,,,,,,,,,,,,,,,
153,,,,观海卫镇城隍庙村海卫家园14号楼101室,观海卫镇城隍庙村海卫家园14号楼,观海卫镇城隍庙村海卫家园,,,,,,,,,,,,,,
154,,,,清水桥路535号新城大厦,清水桥路,,,,,,,,,,,,,,,
155,,,,古塘街道汪田路115号,古塘街道汪田路,,,,,,,,,,,,,,,
156,天津市,天津市,和平区,南京路125号第五大道商业街,南京路,,,,,,,,,,,,,,,
157,,,,杭州湾镇周邵村,,,,,,,,,,,,,,,,
158,浙江省,宁波市,余姚市,陆埠镇兰溪村,,,,,,,,,,,,,,,,
159,浙江省,宁波市,,江东区朝晖路,,,,,,,,,,,,,,,,
160,浙江省,宁波市,,,,,,,,,,,,,,,,,,
161,浙江省,宁波市,北仑区,小港江南东路639巷6、9#楼302室,小港江南东路639巷6、9#楼,小港江南东路639巷6、,小港江南东路639巷,小港江南东路,,,,,,,,,,,,
162,浙江省,宁波市,余姚市,泗门镇东埔村沙堰头,,,,,,,,,,,,,,,,
163,浙江省,宁波市,余姚市,泗门镇洪明路南10号,泗门镇洪明路南,,,,,,,,,,,,,,,
164,浙江省,宁波市,,朱雀新村宝丽花园5号103号,朱雀新村宝丽花园5号,朱雀新村宝丽花园,,,,,,,,,,,,,,
165,浙江省,宁波市,鄞州区,侨商商务大厦502,侨商商务大厦,,,,,,,,,,,,,,,
166,浙江省,宁波市,,桥头胡工业区,,,,,,,,,,,,,,,,
167,,,,天元镇省塘头村,,,,,,,,,,,,,,,,
168,浙江省,宁波市,,江东区通途路528弄39号10幢405室,江东区通途路528弄39号10幢,江东区通途路528弄39号,江东区通途路528弄,江东区通途路,,,,,,,,,,,,
169,,,,奉化市岳林街道华信国际中山东路15幢706室,奉化市岳林街道华信国际中山东路15幢,奉化市岳林街道华信国际中山东路,,,,,,,,,,,,,,
170,安徽省,芜湖市,,江北产业集中区206省道与长河北路交叉口,江北产业集中区,,,,,,,,,,,,,,,
171,浙江省,宁波市,鄞州区,横街镇横街中路,,,,,,,,,,,,,,,,
172,,,,,,,,,,,,,,,,,,,,
173,浙江省,宁波市,象山县,丹西街道丹峰西路308号4-01室,丹西街道丹峰西路308号4-,丹西街道丹峰西路308号,丹西街道丹峰西路,,,,,,,,,,,,,
174,浙江省,宁波市,余姚市,丈亭镇张孙村,,,,,,,,,,,,,,,,
175,广西壮族自治区,防城港市,东兴市,长街镇东兴中路,,,,,,,,,,,,,,,,
176,浙江省,宁波市,北仑区,新[UNK857黄1路206号s幢s室,新[UNK857黄1路,新[UNK857黄,新[UNK,,,,,,,,,,,,,
177,,,,天元镇天潭村,,,,,,,,,,,,,,,,
178,浙江省,宁波市,余姚市,大隐镇大隐商贸城,,,,,,,,,,,,,,,,
179,浙江省,宁波市,鄞州区,聚贤路1299号第28幢-30幢、33幢、34幢,聚贤路1299号第28幢-30幢、33幢、,聚贤路1299号第28幢-30幢、,聚贤路1299号第28幢-,聚贤路1299号第,聚贤路,,,,,,,,,,,
180,浙江省,宁波市,鄞州区,江东南路海景花园19号2501室,江东南路海景花园19号,江东南路海景花园,,,,,,,,,,,,,,
181,浙江省,宁波市,,海景花园1号车库-1-8,海景花园1号车库-1-,海景花园1号车库-,海景花园,,,,,,,,,,,,,
182,浙江省,宁波市,,江东区江东南路39号2802室,江东区江东南路39号,江东区江东南路,,,,,,,,,,,,,,
183,浙江省,宁波市,江北区,育才路288号繁景花园118幢,育才路288号繁景花园,育才路,,,,,,,,,,,,,,
184,浙江省,宁波市,江北区,羊山巷26号1601室,羊山巷26号,羊山巷,,,,,,,,,,,,,,
185,浙江省,宁波市,余姚市,余姚镇塑料城z区801a号、801b号,余姚镇塑料城z区801a号、,余姚镇塑料城z区,,,,,,,,,,,,,,
186,,,,江东区彩虹南路132号2b幢303室,江东区彩虹南路132号2b幢,江东区彩虹南路132号,江东区彩虹南路,,,,,,,,,,,,,
187,浙江省,宁波市,慈溪市,逍林镇锦丽花园g2,逍林镇锦丽花园g,,,,,,,,,,,,,,,
188,浙江省,宁波市,慈溪市,桥头镇上林湖村（a#）,,,,,,,,,,,,,,,,
189,,,,奉化溪口镇中兴东路708号春秋名都a幢商场-2-2,奉化溪口镇中兴东路708号春秋名都a幢商场-2-,奉化溪口镇中兴东路708号春秋名都a幢商场-,奉化溪口镇中兴东路,,,,,,,,,,,,,
190,浙江省,丽水市,缙云县,五云镇上交岭17号,五云镇上交岭,,,,,,,,,,,,,,,
191,浙江省,丽水市,缙云县,五云镇上交岭17号,五云镇上交岭,,,,,,,,,,,,,,,
192,浙江省,丽水市,,南城汽车专卖市场3号,南城汽车专卖市场,,,,,,,,,,,,,,,
193,,,,,,,,,,,,,,,,,,,,
194,浙江省,丽水市,莲都区,丽新畲族乡山村,,,,,,,,,,,,,,,,
195,湖南省,郴州市,汝城县,城关镇环城西路濂溪小区,,,,,,,,,,,,,,,,
196,浙江省,金华市,,双龙大桥以西,,,,,,,,,,,,,,,,
197,浙江省,嘉兴市,平湖市,独山港镇兴港路581号,独山港镇兴港路,,,,,,,,,,,,,,,
198,浙江省,绍兴市,,钱清方家桥村11幢36-37号,钱清方家桥村11幢36-,钱清方家桥村11幢,钱清方家桥村,,,,,,,,,,,,,
199,浙江省,嘉兴市,桐乡市,梧桐街道东兴街庆丰中路,,,,,,,,,,,,,,,,
200,上海市,上海市,松江区,松汇中路568号,松汇中路,,,,,,,,,,,,,,,
201,浙江省,嘉兴市,平湖市,独山港镇振港路137号,独山港镇振港路,,,,,,,,,,,,,,,
202,吉林省,吉林市,舒兰市,铁东街东侧、建纺路南侧,,,,,,,,,,,,,,,,
203,浙江省,湖州市,,南浔镇南林路中和家私城,,,,,,,,,,,,,,,,
204,浙江省,湖州市,,红旗路2号10层-12层,红旗路2号10层-,红旗路2号,红旗路,,,,,,,,,,,,,
205,浙江省,湖州市,,红旗路1号,红旗路,,,,,,,,,,,,,,,
206,浙江省,湖州市,长兴县,虹星桥镇谭家村,,,,,,,,,,,,,,,,
207,浙江省,湖州市,长兴县,雉城镇金成广场b座6层,雉城镇金成广场b座,,,,,,,,,,,,,,,
208,,,,泗安镇白莲村,,,,,,,,,,,,,,,,
209,浙江省,湖州市,,菱湖镇振兴北路东侧钻石大酒店,,,,,,,,,,,,,,,,
210,,,,德清武康镇长虹街北侧、云岫北路东侧,,,,,,,,,,,,,,,,
211,浙江省,金华市,永康市,芝英街道,,,,,,,,,,,,,,,,
212,浙江省,金华市,义乌市,街1098/1096号南幢14室,街1098/1096号南幢,街1098/,街,,,,,,,,,,,,,
213,浙江省,金华市,,"二环北路以南,迎宾大道以西3-1-0-170/171号","二环北路以南,迎宾大道以西3-1-0-170/","二环北路以南,迎宾大道以西3-1-0-","二环北路以南,迎宾大道以西3-1-","二环北路以南,迎宾大道以西3-","二环北路以南,迎宾大道以西",,,,,,,,,,,
214,,,,车站路s200s16s200s13,车站路s200s16s200s,车站路s200s16s,车站路s200s,车站路s,,,,,,,,,,,,
215,浙江省,金华市,东阳市,望江北路s号,,,,,,,,,,,,,,,,
216,浙江省,金华市,义乌市,义东工业园区,,,,,,,,,,,,,,,,
217,浙江省,金华市,义乌市,丹溪北路93-95号,丹溪北路93-,丹溪北路,,,,,,,,,,,,,,
218,浙江省,金华市,义乌市,，义乌市上溪镇四通西路s138,，义乌市上溪镇四通西路s,,,,,,,,,,,,,,,
219,,,,象珠镇工业生产基地1号地块、象珠镇四公塘山,象珠镇工业生产基地,,,,,,,,,,,,,,,
220,浙江省,金华市,,丹溪路1171号,丹溪路,,,,,,,,,,,,,,,
221,浙江省,金华市,永康市,经济开发区皇城北路905号,经济开发区皇城北路,,,,,,,,,,,,,,,
222,浙江省,金华市,义乌市,城店路100号,城店路,,,,,,,,,,,,,,,
223,浙江省,金华市,武义县,百花山工业区,,,,,,,,,,,,,,,,
224,浙江省,金华市,,工业园区夹溪路228号,工业园区夹溪路,,,,,,,,,,,,,,,
225,浙江省,金华市,永康市,芝英镇骑龙山工业区,,,,,,,,,,,,,,,,
226,浙江省,宁波市,余姚市,南兰江东路105-115号,南兰江东路105-,南兰江东路,,,,,,,,,,,,,,
227,浙江省,金华市,义乌市,春晗路15号,春晗路,,,,,,,,,,,,,,,
228,浙江省,金华市,武义县,桐琴镇五金机械工业区,,,,,,,,,,,,,,,,
229,浙江省,金华市,金东区,建才路99号a区101号、102号、103号、104号、105号、106号,建才路99号a区101号、102号、103号、104号、105号、,建才路99号a区101号、102号、103号、104号、,建才路99号a区101号、102号、103号、,建才路99号a区101号、102号、,建才路99号a区101号、,建才路99号a区,建才路,,,,,,,,,
230,浙江省,金华市,兰溪市,兰江街道上黄村,,,,,,,,,,,,,,,,
231,浙江省,金华市,武义县,经济开发区百花山工业区,,,,,,,,,,,,,,,,
232,浙江省,金华市,永康市,西城藻塘工业基地,,,,,,,,,,,,,,,,
233,江西省,上饶市,婺源县,文博路东侧bs,,,,,,,,,,,,,,,,
234,浙江省,金华市,浦江县,白马镇乐门大道8号,白马镇乐门大道,,,,,,,,,,,,,,,
235,浙江省,金华市,义乌市,义亭镇同义路12号,义亭镇同义路,,,,,,,,,,,,,,,
236,,,,浙中生产资料市场2号楼16、17号,浙中生产资料市场2号楼16、,浙中生产资料市场2号楼,浙中生产资料市场,,,,,,,,,,,,,
237,浙江省,金华市,义乌市,新后傅（放生塘自然村）,,,,,,,,,,,,,,,,
238,浙江省,杭州市,淳安县,千岛湖开元度假村67号,千岛湖开元度假村,,,,,,,,,,,,,,,
239,浙江省,金华市,金东区,金港大道1789号,金港大道,,,,,,,,,,,,,,,
240,浙江省,金华市,,工业园区2-04号,工业园区2-,工业园区,,,,,,,,,,,,,,
241,浙江省,金华市,义乌市,后宅工业区,,,,,,,,,,,,,,,,
242,浙江省,嘉兴市,,北渚路南、月河桥港西,,,,,,,,,,,,,,,,
243,浙江省,金华市,义乌市,苏溪镇义北工业园区,,,,,,,,,,,,,,,,
244,浙江省,金华市,武义县,白洋街道牛背金村,,,,,,,,,,,,,,,,
245,,,,武义泉溪金岩山工业区,,,,,,,,,,,,,,,,
246,浙江省,金华市,婺城区,安地镇回坑村,,,,,,,,,,,,,,,,
247,,,,恒昌大道41号,恒昌大道,,,,,,,,,,,,,,,
248,浙江省,金华市,金东区,建才路99号a区a-251室,建才路99号a区a-,建才路,,,,,,,,,,,,,,
249,江苏省,宿迁市,沭阳县,万顺·帝景天成1#2#7#-1室、1#2#7#7b商业01室,万顺·帝景天成1#2#7#-1室、1#2#7#7b商业,万顺·帝景天成1#2#7#-1室、1#2#7#,万顺·帝景天成1#2#7#-1室、1#2#,万顺·帝景天成1#2#7#-1室、1#,万顺·帝景天成1#2#7#-1室、,万顺·帝景天成1#2#7#-,万顺·帝景天成1#2#,万顺·帝景天成1#,万顺·帝景天成,,,,,,,
250,浙江省,金华市,浦江县,黄宅镇夏阳路9号,黄宅镇夏阳路,,,,,,,,,,,,,,,
251,浙江省,金华市,义乌市,大陈楂林春林工业区,,,,,,,,,,,,,,,,
252,浙江省,金华市,东阳市,横店镇昌盛路46号,横店镇昌盛路,,,,,,,,,,,,,,,
253,浙江省,金华市,,环城南路西段1479号新洲.丽晶小区14幢02室,环城南路西段1479号新洲.丽晶小区14幢,环城南路西段1479号新洲.丽晶小区,环城南路西段,,,,,,,,,,,,,
254,浙江省,金华市,东阳市,江北街道轻工业园区,,,,,,,,,,,,,,,,
255,浙江省,金华市,婺城区,临江西路528号,临江西路,,,,,,,,,,,,,,,
256,浙江省,金华市,东阳市,吴宁镇东郊斯村,,,,,,,,,,,,,,,,
257,浙江省,金华市,,工业园区神丽路1666号1-3#,工业园区神丽路1666号1-,工业园区神丽路1666号,工业园区神丽路,,,,,,,,,,,,,
258,浙江省,金华市,,金星南街609号,金星南街,,,,,,,,,,,,,,,
259,浙江省,金华市,武义县,泉溪湖沿工业区,,,,,,,,,,,,,,,,
260,浙江省,金华市,东阳市,画水镇竹溪工业功能区10号,画水镇竹溪工业功能区,,,,,,,,,,,,,,,
261,浙江省,金华市,武义县,桐琴星辉园,,,,,,,,,,,,,,,,
262,浙江省,金华市,金东区,曹宅镇工业功能区,,,,,,,,,,,,,,,,
263,浙江省,金华市,东阳市,吴宁街道吴宁东路214号）,吴宁街道吴宁东路,,,,,,,,,,,,,,,
264,浙江省,金华市,永康市,古丽镇永丰村龙川西路179号,古丽镇永丰村龙川西路,,,,,,,,,,,,,,,
265,浙江省,金华市,义乌市,上溪镇四通西路45号,上溪镇四通西路,,,,,,,,,,,,,,,
266,江苏省,南通市,如皋市,如城街道海阳中路东侧、跃进路南侧金荣广场第四层,,,,,,,,,,,,,,,,
267,浙江省,金华市,浦江县,和平公寓a幢2102室,和平公寓a幢,,,,,,,,,,,,,,,
268,浙江省,金华市,兰溪市,兰江街道南樵北路3号,兰江街道南樵北路,,,,,,,,,,,,,,,
269,浙江省,金华市,婺城区,安地镇回坑村,,,,,,,,,,,,,,,,
270,浙江省,金华市,东阳市,南马镇葛府村双溪口,,,,,,,,,,,,,,,,
271,浙江省,金华市,东阳市,白云街道歌山路18号,白云街道歌山路,,,,,,,,,,,,,,,
272,浙江省,金华市,兰溪市,赤溪街道,,,,,,,,,,,,,,,,
273,浙江省,金华市,东阳市,于浙江省东阳市吴宁街道城南西路57巷88号,于浙江省东阳市吴宁街道城南西路57巷,于浙江省东阳市吴宁街道城南西路,,,,,,,,,,,,,,
274,浙江省,金华市,东阳市,经济开发区江滨南街633号,经济开发区江滨南街,,,,,,,,,,,,,,,
275,浙江省,金华市,兰溪市,赤溪街道朱犁村,,,,,,,,,,,,,,,,
276,浙江省,金华市,兰溪市,经济开发区轻工园区a区,,,,,,,,,,,,,,,,
277,浙江省,金华市,武义县,百花山工业区兰花路5号,百花山工业区兰花路,,,,,,,,,,,,,,,
278,浙江省,金华市,武义县,明招路家园阳光城（明招路5号）,明招路家园阳光城（明招路,,,,,,,,,,,,,,,
279,,,,兰江街道尖山村,,,,,,,,,,,,,,,,
280,浙江省,金华市,兰溪市,赤溪街道朱犁村,,,,,,,,,,,,,,,,
281,浙江省,金华市,永康市,总部中心金品大厦十六、十七楼,,,,,,,,,,,,,,,,
282,浙江省,杭州市,滨江区,浦沿街道君景庭1幢2单元803室,浦沿街道君景庭1幢2单元,浦沿街道君景庭1幢,浦沿街道君景庭,,,,,,,,,,,,,
283,湖南省,常德市,武陵区,城西办事处贾家湖社区武陵大道,,,,,,,,,,,,,,,,
284,江西省,上饶市,横峰县,岑阳镇工业园区迎宾大道北侧,,,,,,,,,,,,,,,,
285,浙江省,金华市,东阳市,江北街道艺海北路300-2号第二层,江北街道艺海北路300-,江北街道艺海北路,,,,,,,,,,,,,,
286,浙江省,金华市,东阳市,吴宁街道岘峰路22,吴宁街道岘峰路,,,,,,,,,,,,,,,
287,浙江省,金华市,东阳市,白云街道东义路希,,,,,,,,,,,,,,,,
288,浙江省,金华市,东阳市,白云街道兴平西路376号,白云街道兴平西路,,,,,,,,,,,,,,,
289,浙江省,金华市,武义县,白洋街道牛背金工业区,,,,,,,,,,,,,,,,
290,浙江省,金华市,东阳市,吴宁街道中山路216-2号,吴宁街道中山路216-,吴宁街道中山路,,,,,,,,,,,,,,
291,浙江省,金华市,义乌市,权，义乌市上溪镇四通西路138号,权，义乌市上溪镇四通西路,,,,,,,,,,,,,,,
292,浙江省,金华市,,双龙南街康达商厦,,,,,,,,,,,,,,,,
293,浙江省,杭州市,淳安县,千岛湖镇东源路1299号2幢、9幢,千岛湖镇东源路1299号2幢、,千岛湖镇东源路1299号,千岛湖镇东源路,,,,,,,,,,,,,
294,浙江省,金华市,东阳市,六石街道长松岗工业区,,,,,,,,,,,,,,,,
295,浙江省,金华市,,八一南街1190号6幢1-105室,八一南街1190号6幢1-,八一南街1190号6幢,八一南街1190号,八一南街,,,,,,,,,,,,
296,浙江省,杭州市,,闲林街道碧水铭苑湖畔世家19幢,闲林街道碧水铭苑湖畔世家,,,,,,,,,,,,,,,
297,浙江省,金华市,义乌市,文化路117号,文化路,,,,,,,,,,,,,,,
298,浙江省,金华市,永康市,东城龙洋潮花苑56号,东城龙洋潮花苑,,,,,,,,,,,,,,,
299,浙江省,金华市,武义县,白洋街道童庐工业区,,,,,,,,,,,,,,,,
300,浙江省,金华市,东阳市,白云街道关山路63－23号、6－25号,白云街道关山路63－23号、6－,白云街道关山路63－23号、,白云街道关山路63－,白云街道关山路,,,,,,,,,,,,
301,,,,千岛湖滨江度假村39号101室,千岛湖滨江度假村39号,千岛湖滨江度假村,,,,,,,,,,,,,,
302,浙江省,金华市,兰溪市,赤溪街道王铁店村,,,,,,,,,,,,,,,,
303,浙江省,金华市,东阳市,南马镇花园小康新区22号、107号,南马镇花园小康新区22号、,南马镇花园小康新区,,,,,,,,,,,,,,
304,浙江省,金华市,义乌市,西城路200号,西城路,,,,,,,,,,,,,,,
305,浙江省,金华市,东阳市,江北街道江滨北街10号,江北街道江滨北街,,,,,,,,,,,,,,,
306,浙江省,金华市,磐安县,安文镇横城小区63号,安文镇横城小区,,,,,,,,,,,,,,,
307,浙江省,丽水市,青田县,鹤城镇鹤城东路88号第一层,鹤城镇鹤城东路,,,,,,,,,,,,,,,
308,浙江省,金华市,兰溪市,经济开发区越中路11号,经济开发区越中路,,,,,,,,,,,,,,,
309,浙江省,金华市,武义县,东南工业区熟溪牛长塘水库脚,,,,,,,,,,,,,,,,
310,浙江省,金华市,浦江县,中山南路30号,中山南路,,,,,,,,,,,,,,,
311,浙江省,金华市,兰溪市,永昌街道,,,,,,,,,,,,,,,,
312,浙江省,金华市,,蒋堂镇开化村1－4幢,蒋堂镇开化村1－,蒋堂镇开化村,,,,,,,,,,,,,,
313,浙江省,金华市,永康市,江南锦江华庭51号,江南锦江华庭,,,,,,,,,,,,,,,
314,浙江省,金华市,武义县,解放街6号,解放街,,,,,,,,,,,,,,,
315,浙江省,金华市,兰溪市,梅江镇近外阳村,,,,,,,,,,,,,,,,
316,浙江省,衢州市,衢江区,东港街道芦林路以东金仓路10号1幢,东港街道芦林路以东金仓路10号,东港街道芦林路以东金仓路,,,,,,,,,,,,,,
317,浙江省,金华市,,玉泉东路天彩名苑3幢1-6室和4幢1-5室,玉泉东路天彩名苑3幢1-6室和4幢1-,玉泉东路天彩名苑3幢1-6室和4幢,玉泉东路天彩名苑3幢1-6室和,玉泉东路天彩名苑3幢1-,玉泉东路天彩名苑3幢,玉泉东路天彩名苑,,,,,,,,,,
318,浙江省,金华市,东阳市,白云街道办事处东针路以西、华山路以北,,,,,,,,,,,,,,,,
319,浙江省,杭州市,淳安县,千岛湖镇东源路1299号1幢、3幢,千岛湖镇东源路1299号1幢、,千岛湖镇东源路1299号,千岛湖镇东源路,,,,,,,,,,,,,
320,浙江省,金华市,,香格里花园s1s6,香格里花园s1s,香格里花园s,,,,,,,,,,,,,,
321,浙江省,金华市,武义县,县城温泉路80号,县城温泉路,,,,,,,,,,,,,,,
322,,,,西城解放街22号2501室,西城解放街22号,西城解放街,,,,,,,,,,,,,,
323,浙江省,金华市,浦江县,万达月泉别墅69-f,万达月泉别墅,,,,,,,,,,,,,,,
324,浙江省,金华市,武义县,中源西路,,,,,,,,,,,,,,,,
325,浙江省,金华市,兰溪市,上园路318号金报尊园59幢101室,上园路318号金报尊园59幢,上园路318号金报尊园,上园路,,,,,,,,,,,,,
326,安徽省,黄山市,歙县,经济开发区,,,,,,,,,,,,,,,,
327,浙江省,金华市,东阳市,白云街道东阳国际缝制机械城d幢,,,,,,,,,,,,,,,,
328,安徽省,黄山市,屯溪区,花山路36号新徽天地风情街1幢,花山路36号新徽天地风情街,花山路,,,,,,,,,,,,,,
329,浙江省,金华市,义乌市,丹溪三区7幢104室,丹溪三区7幢,丹溪三区,,,,,,,,,,,,,,
330,浙江省,金华市,婺城区,临江西路528号,临江西路,,,,,,,,,,,,,,,
331,浙江省,金华市,武义县,城栖霞花苑一区1幢,城栖霞花苑一区,,,,,,,,,,,,,,,
332,湖北省,襄阳市,老河口市,天桥路浦峰江南国际花园35幢,天桥路浦峰江南国际花园,,,,,,,,,,,,,,,
333,浙江省,金华市,浦江县,浦南街道中山南路255-1号304室,浦南街道中山南路255-1号,浦南街道中山南路255-,浦南街道中山南路,,,,,,,,,,,,,
334,上海市,上海市,普陀区,长寿路587号3幢18-20沙田大厦,长寿路587号3幢18-,长寿路587号3幢,长寿路587号,长寿路,,,,,,,,,,,,
335,浙江省,金华市,兰溪市,永昌街道兰塘张村,,,,,,,,,,,,,,,,
336,浙江省,金华市,,金东综合园区纵六路,,,,,,,,,,,,,,,,
337,浙江省,金华市,武义县,金厦.银湖花园30幢-103室,金厦.银湖花园30幢-,金厦.银湖花园,,,,,,,,,,,,,,
338,浙江省,金华市,,工贸区汇鑫花园3-602室,工贸区汇鑫花园3-,工贸区汇鑫花园,,,,,,,,,,,,,,
339,浙江省,金华市,兰溪市,上华街道皂洞口村,,,,,,,,,,,,,,,,
340,,,,,,,,,,,,,,,,,,,,
341,浙江省,金华市,东阳市,南马镇,,,,,,,,,,,,,,,,
342,浙江省,杭州市,西湖区,和家园紫和园7幢2单元1102室,和家园紫和园7幢2单元,和家园紫和园7幢,和家园紫和园,,,,,,,,,,,,,
343,,,,,,,,,,,,,,,,,,,,
344,浙江省,金华市,义乌市,城中中路88号,城中中路,,,,,,,,,,,,,,,
345,,,,,,,,,,,,,,,,,,,,
346,浙江省,金华市,东阳市,画水镇竹溪工业功能区16号,画水镇竹溪工业功能区,,,,,,,,,,,,,,,
347,浙江省,金华市,东阳市,横店济慈路128号,横店济慈路,,,,,,,,,,,,,,,
348,浙江省,金华市,东阳市,江北街道华店工业功能区,,,,,,,,,,,,,,,,
349,,,,,,,,,,,,,,,,,,,,
350,浙江省,金华市,东阳市,歌山镇大里村,,,,,,,,,,,,,,,,
351,,,,武义,,,,,,,,,,,,,,,,
352,,,,,,,,,,,,,,,,,,,,
353,浙江省,金华市,磐安县,新城区高头六号,,,,,,,,,,,,,,,,
354,广东省,中山市,浦江县,特色,,,,,,,,,,,,,,,,
355,,,,,,,,,,,,,,,,,,,,
356,浙江省,金华市,义乌市,万商华府,,,,,,,,,,,,,,,,
357,浙江省,金华市,永康市,江南金胜花苑,,,,,,,,,,,,,,,,
358,,,,武义经济开发区仙洞工业区,,,,,,,,,,,,,,,,
359,浙江省,金华市,武义县,城解放南街,,,,,,,,,,,,,,,,
360,浙江省,绍兴市,诸暨市,暨阳街道城北路187号,暨阳街道城北路,,,,,,,,,,,,,,,
361,,,,临安市锦城街道瑞麒佳苑3幢504室,临安市锦城街道瑞麒佳苑3幢,临安市锦城街道瑞麒佳苑,,,,,,,,,,,,,,
362,浙江省,杭州市,桐庐县,县城大奇山路488号影视嘉园6幢桐庐县县城大奇山路554-546号,县城大奇山路488号影视嘉园6幢桐庐县县城大奇山路554-,县城大奇山路488号影视嘉园6幢桐庐县县城大奇山路,县城大奇山路488号影视嘉园,县城大奇山路,,,,,,,,,,,,
363,上海市,上海市,松江区,佘山镇桃源路188弄132号,佘山镇桃源路188弄,佘山镇桃源路,,,,,,,,,,,,,,
364,浙江省,湖州市,,里村路333号,里村路,,,,,,,,,,,,,,,
365,浙江省,杭州市,拱墅区,沈半路267号,沈半路,,,,,,,,,,,,,,,
366,浙江省,杭州市,余杭区,。位于杭州市余杭区余杭镇余昌路福田花园9幢177-4-1号,。位于杭州市余杭区余杭镇余昌路福田花园9幢177-4-,。位于杭州市余杭区余杭镇余昌路福田花园9幢177-,。位于杭州市余杭区余杭镇余昌路福田花园9幢,。位于杭州市余杭区余杭镇余昌路福田花园,,,,,,,,,,,,
367,浙江省,杭州市,萧山区,义桥镇义桥大桥北侧,,,,,,,,,,,,,,,,
368,浙江省,杭州市,西湖区,留庄高级公寓6幢3单元101室,留庄高级公寓6幢3单元,留庄高级公寓6幢,留庄高级公寓,,,,,,,,,,,,,
369,,,,临安市板桥镇灵溪村,,,,,,,,,,,,,,,,
370,浙江省,丽水市,莲都区,水阁工业园区[UN8]店路s号,水阁工业园区[UN,,,,,,,,,,,,,,,
371,,,,,,,,,,,,,,,,,,,,
372,浙江省,绍兴市,,利济桥直街69号101室,利济桥直街69号,利济桥直街,,,,,,,,,,,,,,
373,,,,暨阳街道艮塔东路127号6,暨阳街道艮塔东路127号,暨阳街道艮塔东路,,,,,,,,,,,,,,
374,浙江省,绍兴市,越城区,毓兰华庭13幢101,毓兰华庭13幢,毓兰华庭,,,,,,,,,,,,,,
375,江西省,上饶市,,广丰县永丰街道永丰大道111号金都广场1幢,广丰县永丰街道永丰大道111号金都广场,广丰县永丰街道永丰大道,,,,,,,,,,,,,,
376,,,,绍兴县陶堰镇工业园区1幢/2幢,绍兴县陶堰镇工业园区1幢/,绍兴县陶堰镇工业园区,,,,,,,,,,,,,,
377,浙江省,绍兴市,诸暨市,山下湖镇诸暨华东国际珠宝城一期市场a01,山下湖镇诸暨华东国际珠宝城一期市场a,,,,,,,,,,,,,,,
378,浙江省,绍兴市,诸暨市,暨阳街道乐园一区107幢503室,暨阳街道乐园一区107幢,暨阳街道乐园一区,,,,,,,,,,,,,,
379,,,,绍兴县杨汛桥南[UNK]工业园10665.95,绍兴县杨汛桥南[UNK]工业园10665.,绍兴县杨汛桥南[UNK]工业园,,,,,,,,,,,,,,
380,浙江省,金华市,浦江县,中山南路67号,中山南路,,,,,,,,,,,,,,,
381,浙江省,金华市,浦江县,人民东路浦江福泰隆广场4-5层,人民东路浦江福泰隆广场4-,人民东路浦江福泰隆广场,,,,,,,,,,,,,,
382,,,,,,,,,,,,,,,,,,,,
383,,,,,,,,,,,,,,,,,,,,
384,浙江省,金华市,临江市,婺城新区临江工业区,,,,,,,,,,,,,,,,
385,,,,,,,,,,,,,,,,,,,,
386,浙江省,,,华隆食品,,,,,,,,,,,,,,,,
387,浙江省,金华市,永康市,花街镇九里山背,,,,,,,,,,,,,,,,
388,浙江省,金华市,,仙源湖旅游度假区仙缘欧境仙洲26-01号,仙源湖旅游度假区仙缘欧境仙洲26-,仙源湖旅游度假区仙缘欧境仙洲,,,,,,,,,,,,,,
389,浙江省,金华市,义乌市,桥东别墅33号,桥东别墅,,,,,,,,,,,,,,,
390,浙江省,金华市,永康市,花街镇九里山背,,,,,,,,,,,,,,,,
391,浙江省,金华市,兰溪市,兰江街道环城西路5号,兰江街道环城西路,,,,,,,,,,,,,,,
392,浙江省,金华市,东阳市,白云街道海德公园香山一路6号,白云街道海德公园香山一路,,,,,,,,,,,,,,,
393,,,,浦江经济开发区,,,,,,,,,,,,,,,,
394,浙江省,绍兴市,,坤和山水人家彩云天2-1-702室,坤和山水人家彩云天2-1-,坤和山水人家彩云天2-,坤和山水人家彩云天,,,,,,,,,,,,,
395,,,,杭州湾上虞工业区,,,,,,,,,,,,,,,,
396,,,,,,,,,,,,,,,,,,,,
397,,,,梁湖镇城南水乡8幢502室,梁湖镇城南水乡8幢,梁湖镇城南水乡,,,,,,,,,,,,,,
398,浙江省,金华市,浦江县,黄宅镇迎宾路589号,黄宅镇迎宾路,,,,,,,,,,,,,,,
399,浙江省,杭州市,城区,下城区新华坊22幢4单元201室,下城区新华坊22幢4单元,下城区新华坊22幢,下城区新华坊,,,,,,,,,,,,,
400,浙江省,杭州市,滨江区,浦沿街道水晶城2-1-2803,浦沿街道水晶城2-1-,浦沿街道水晶城2-,浦沿街道水晶城,,,,,,,,,,,,,
401,浙江省,绍兴市,诸暨市,暨阳街道下坊门桂花园26幢2单元1202室,暨阳街道下坊门桂花园26幢2单元,暨阳街道下坊门桂花园26幢,暨阳街道下坊门桂花园,,,,,,,,,,,,,
402,浙江省,金华市,永康市,江南溪心中路186号（第1-2层,江南溪心中路186号（第1-,江南溪心中路186号（第,江南溪心中路,,,,,,,,,,,,,
403,,,,,,,,,,,,,,,,,,,,
404,浙江省,绍兴市,,袍江开发区富华制衣厂8,袍江开发区富华制衣厂,,,,,,,,,,,,,,,
405,山东省,济宁市,金乡县,羊山镇政府驻地旁,,,,,,,,,,,,,,,,
406,浙江省,台州市,,新台州大厦,,,,,,,,,,,,,,,,
407,浙江省,台州市,,新台州大厦,,,,,,,,,,,,,,,,
408,浙江省,丽水市,缙云县,七里乡金弄市场路西150号及150-2号,七里乡金弄市场路西150号及150-,七里乡金弄市场路西150号及,七里乡金弄市场路西,,,,,,,,,,,,,
409,,,,,,,,,,,,,,,,,,,,
410,浙江省,金华市,兰溪市,人民南路11号301,人民南路11号,人民南路,,,,,,,,,,,,,,
411,,,,柯桥蓝天市心广场8幢202,柯桥蓝天市心广场8幢,柯桥蓝天市心广场,,,,,,,,,,,,,,
412,,,,绍兴县富盛镇[UNK]山村,,,,,,,,,,,,,,,,
413,,,,滨海工业区八五丘,,,,,,,,,,,,,,,,
414,浙江省,金华市,武义县,城天意嘉苑s号楼第s层,,,,,,,,,,,,,,,,
415,浙江省,金华市,义乌市,稠江江滨西路438-442号,稠江江滨西路438-,稠江江滨西路,,,,,,,,,,,,,,
416,,,,柯桥城郊华舍街道小赭村,,,,,,,,,,,,,,,,
417,,,,柯桥蓝天市心广场7幢108室,柯桥蓝天市心广场7幢,柯桥蓝天市心广场,,,,,,,,,,,,,,
418,,,,百草园公寓7幢302室,百草园公寓7幢,百草园公寓,,,,,,,,,,,,,,
419,浙江省,金华市,兰溪市,轻工工业功能区雁沙路,,,,,,,,,,,,,,,,
420,浙江省,金华市,义乌市,常春路109号,常春路,,,,,,,,,,,,,,,
421,,,,绍兴县湖塘街道鉴湖村,,,,,,,,,,,,,,,,
422,浙江省,绍兴市,,袍江汤公路与荷湖路东北角,,,,,,,,,,,,,,,,
423,浙江省,杭州市,萧山区,靖江街道京明凤凰家园3幢2单元1101室,靖江街道京明凤凰家园3幢2单元,靖江街道京明凤凰家园3幢,靖江街道京明凤凰家园,,,,,,,,,,,,,
424,浙江省,金华市,兰溪市,振兴路s号锦绣天成as幢s室,,,,,,,,,,,,,,,,
425,浙江省,金华市,义乌市,江东银河小区·月苑s幢s号,,,,,,,,,,,,,,,,
426,浙江省,绍兴市,,袍江财富中心菖蒲街388号,袍江财富中心菖蒲街,,,,,,,,,,,,,,,
427,浙江省,绍兴市,,袍江汤公路与荷湖路东北角,,,,,,,,,,,,,,,,
428,浙江省,金华市,永康市,经济开发区学院北路176号,经济开发区学院北路,,,,,,,,,,,,,,,
429,浙江省,绍兴市,,杨汛桥镇工业园区,,,,,,,,,,,,,,,,
430,,,,袍江工业区s-s30,袍江工业区s-s,,,,,,,,,,,,,,,
431,,,,柯桥鉴湖路湖景花园营业房d幢105号,柯桥鉴湖路湖景花园营业房d幢,,,,,,,,,,,,,,,
432,浙江省,金华市,义乌市,江廿三里街道小商品加工区a-3地块,江廿三里街道小商品加工区a-,,,,,,,,,,,,,,,
433,,,,水木清华14幢102室,水木清华14幢,水木清华,,,,,,,,,,,,,,
434,浙江省,绍兴市,,越城孙海芳越国文化博物馆,,,,,,,,,,,,,,,,
435,浙江省,绍兴市,,绍兴袍江越商大厦1401,绍兴袍江越商大厦,,,,,,,,,,,,,,,
436,,,,保佑桥直街185号-103室,保佑桥直街185号-,保佑桥直街,,,,,,,,,,,,,,
437,,,,兰亭镇任家[UNK]6,兰亭镇任家[UNK],,,,,,,,,,,,,,,
438,,,,绍兴县滨海工业区,,,,,,,,,,,,,,,,
439,浙江省,绍兴市,诸暨市,街亭镇茅塘山村,,,,,,,,,,,,,,,,
440,,,,阮市镇甘溪坞村，西临枫湄路,,,,,,,,,,,,,,,,
441,浙江省,绍兴市,诸暨市,山下湖镇纬一路北侧1#,山下湖镇纬一路北侧,,,,,,,,,,,,,,,
442,,,,袍江斗门镇上窑村（汤公路27号）,袍江斗门镇上窑村（汤公路,,,,,,,,,,,,,,,
443,,,,柯桥蓝天商业中心柯桥蓝天商业中心1幢3044室至3056室,柯桥蓝天商业中心柯桥蓝天商业中心1幢3044室至,柯桥蓝天商业中心柯桥蓝天商业中心1幢,柯桥蓝天商业中心柯桥蓝天商业中心,,,,,,,,,,,,,
444,,,,绍兴县滨海工业区八九丘,,,,,,,,,,,,,,,,
445,浙江省,绍兴市,,袍江华欣大厦1601,袍江华欣大厦,,,,,,,,,,,,,,,
446,,,,,,,,,,,,,,,,,,,,
447,浙江省,绍兴市,越城区,皋埠镇山前徐村,,,,,,,,,,,,,,,,
448,,,,绍兴县安昌镇[UNK]底王村、齐贤镇2湖沿村s幢,绍兴县安昌镇[UNK]底王村、齐贤镇,,,,,,,,,,,,,,,
449,云南省,保山市,隆阳区,永昌街道办事处兰城路130号,永昌街道办事处兰城路,,,,,,,,,,,,,,,
450,浙江省,绍兴市,越城区,灵芝镇大树江村,,,,,,,,,,,,,,,,
451,,,,滨海工业区九一丘,,,,,,,,,,,,,,,,
452,,,,柯岩街道湖山花园27幢,柯岩街道湖山花园,,,,,,,,,,,,,,,
453,,,,湖塘街道大坞村,,,,,,,,,,,,,,,,
454,浙江省,绍兴市,,袍江工业区三江路以北,,,,,,,,,,,,,,,,
455,香港特别行政区,香港特别行政区,南区,柯岩街道梅墅水庄南区10幢203,柯岩街道梅墅水庄南区10幢,柯岩街道梅墅水庄南区,,,,,,,,,,,,,,
456,,,,袍江新区13号,袍江新区,,,,,,,,,,,,,,,
457,上海市,上海市,闵行区,莘建东路58弄2号2812、2813室,莘建东路58弄2号2812、,莘建东路58弄2号,莘建东路58弄,莘建东路,,,,,,,,,,,,
458,,,,绍兴县马鞍镇新闸村、永久塘村,,,,,,,,,,,,,,,,
459,浙江省,绍兴市,,柯迪花园29幢18,柯迪花园29幢,柯迪花园,,,,,,,,,,,,,,
460,浙江省,丽水市,缙云县,新碧街道碧华路7号,新碧街道碧华路,,,,,,,,,,,,,,,
461,浙江省,金华市,义乌市,福田一区7幢2号,福田一区7幢,福田一区,,,,,,,,,,,,,,
462,浙江省,丽水市,,水阁工业区云景路105号,水阁工业区云景路,,,,,,,,,,,,,,,
463,浙江省,金华市,义乌市,大陈镇金山路38号,大陈镇金山路,,,,,,,,,,,,,,,
464,浙江省,金华市,兰溪市,诸葛镇殿后朱村,,,,,,,,,,,,,,,,
465,,,,武义经济开发区双联（百花山工业区）,,,,,,,,,,,,,,,,
466,浙江省,金华市,,铁路南站站区,,,,,,,,,,,,,,,,
467,浙江省,丽水市,缙云县,新碧街道上应路6-1号,新碧街道上应路6-,新碧街道上应路,,,,,,,,,,,,,,
468,浙江省,丽水市,龙泉市,塔石乡金岗工业区,,,,,,,,,,,,,,,,
469,浙江省,绍兴市,,柯桥金柯桥大道1358号绍兴国贸大厦1801,柯桥金柯桥大道1358号绍兴国贸大厦,柯桥金柯桥大道,,,,,,,,,,,,,,
470,江苏省,淮安市,,区经济开发区经十六路东侧、纬三路南侧,,,,,,,,,,,,,,,,
471,浙江省,绍兴市,诸暨市,位，位于诸暨市暨阳街道195UNK]萝东路s号,位，位于诸暨市暨阳街道,,,,,,,,,,,,,,,
472,,,,解放南路675号,解放南路,,,,,,,,,,,,,,,
473,浙江省,杭州市,滨江区,长河街道通江路251号江锦国际大厦402室,长河街道通江路251号江锦国际大厦,长河街道通江路,,,,,,,,,,,,,,
474,浙江省,绍兴市,,滨海商业中心商场,,,,,,,,,,,,,,,,
475,浙江省,绍兴市,,锦绣花园1幢延安路212、214号,锦绣花园1幢延安路212、,锦绣花园1幢延安路,锦绣花园,,,,,,,,,,,,,
476,浙江省,绍兴市,,滨海商业中心,,,,,,,,,,,,,,,,
477,,,,柯桥蓝天商业中心1幢3603~3071室,柯桥蓝天商业中心1幢3603~,柯桥蓝天商业中心1幢,柯桥蓝天商业中心,,,,,,,,,,,,,
478,,,,柯桥华泰大厦501、502室,柯桥华泰大厦501、,柯桥华泰大厦,,,,,,,,,,,,,,
479,广东省,茂名市,,柯桥世茂名流s12s1301s1305,柯桥世茂名流s12s1301s,柯桥世茂名流s12s,柯桥世茂名流s,,,,,,,,,,,,,
480,,,,名都苑4幢402、404室,名都苑4幢402、,名都苑4幢,名都苑,,,,,,,,,,,,,
481,浙江省,绍兴市,,袍江斗门镇外谷社地段2、3、6幢,袍江斗门镇外谷社地段2、3、,袍江斗门镇外谷社地段2、,袍江斗门镇外谷社地段,,,,,,,,,,,,,
482,浙江省,绍兴市,,幢s室，绍兴26安201路s幢s室,幢s室，绍兴26安,幢s室，绍兴,,,,,,,,,,,,,,
483,浙江省,绍兴市,,兰亭镇黄贤村6-2幢,兰亭镇黄贤村6-,兰亭镇黄贤村,,,,,,,,,,,,,,
484,浙江省,绍兴市,,东双桥公寓10幢503室,东双桥公寓10幢,东双桥公寓,,,,,,,,,,,,,,
485,浙江省,金华市,东阳市,东义路340号,东义路,,,,,,,,,,,,,,,
486,,,,遂松路315号,遂松路,,,,,,,,,,,,,,,
487,浙江省,湖州市,,织里镇秦家港村利安路s号,,,,,,,,,,,,,,,,
488,,,,湖东路239号家乐多商厦115、116、117、118、126室,湖东路239号家乐多商厦115、116、117、118、,湖东路239号家乐多商厦115、116、117、,湖东路239号家乐多商厦115、116、,湖东路239号家乐多商厦115、,湖东路239号家乐多商厦,湖东路,,,,,,,,,,
489,,,,湖东路s239家乐多商厦s110s111s119s120s121s125,湖东路s239家乐多商厦s110s111s119s120s121s,湖东路s239家乐多商厦s110s111s119s120s,湖东路s239家乐多商厦s110s111s119s,湖东路s239家乐多商厦s110s111s,湖东路s239家乐多商厦s110s,湖东路s239家乐多商厦s,湖东路s,,,,,,,,,
490,浙江省,丽水市,缙云县,新碧街道新民路10号,新碧街道新民路,,,,,,,,,,,,,,,
491,,,,红丰路1600号,红丰路,,,,,,,,,,,,,,,
492,浙江省,金华市,,4东莱路s号新纪元香墅s幢329室,4东莱路s号新纪元香墅s幢,,,,,,,,,,,,,,,
493,浙江省,丽水市,缙云县,壶镇镇锦绣路45号,壶镇镇锦绣路,,,,,,,,,,,,,,,
494,,,,红丰路1600号,红丰路,,,,,,,,,,,,,,,
495,,,,金华东孝工业区,,,,,,,,,,,,,,,,
496,浙江省,丽水市,莲都区,房，位于莲都区水阁工业区绿谷大道s号,,,,,,,,,,,,,,,,
497,浙江省,金华市,永康市,龙川东路东区改建s11楼,龙川东路东区改建s,,,,,,,,,,,,,,,
498,浙江省,湖州市,吴兴区,织西分区zx64号,织西分区zx,,,,,,,,,,,,,,,
499,浙江省,金华市,兰溪市,兰江街道上黄村,,,,,,,,,,,,,,,,
500,,,,绍兴县平水镇西湖桥村,,,,,,,,,,,,,,,,
501,安徽省,阜阳市,,颖州区鼓楼办事处鼓楼社,,,,,,,,,,,,,,,,
502,浙江省,绍兴市,,袍江美安居小区11幢,袍江美安居小区,,,,,,,,,,,,,,,
503,浙江省,绍兴市,诸暨市,陶朱街道联合路以南、仙桃路以西、三联路以北,,,,,,,,,,,,,,,,
504,浙江省,绍兴市,诸暨市,次坞工业园区,,,,,,,,,,,,,,,,
505,浙江省,绍兴市,,灵芝大树港104国道旁,灵芝大树港,,,,,,,,,,,,,,,
506,浙江省,绍兴市,,车站北路2号,车站北路,,,,,,,,,,,,,,,
507,浙江省,绍兴市,诸暨市,大唐镇冠山村（侯村街）,,,,,,,,,,,,,,,,
508,浙江省,绍兴市,,滨海工业区新二村,,,,,,,,,,,,,,,,
509,,,,绍兴县安昌镇范家[UNK]村,,,,,,,,,,,,,,,,
510,广东省,茂名市,,柯桥世茂名流9幢801室,柯桥世茂名流9幢,柯桥世茂名流,,,,,,,,,,,,,,
511,江苏省,宿迁市,泗洪县,青阳南路西侧，三河路南侧1幢,青阳南路西侧，三河路南侧,,,,,,,,,,,,,,,
512,,,,绍兴县滨海工业区皋合村,,,,,,,,,,,,,,,,
513,浙江省,绍兴市,,市区白鹭金滩春晓园1幢507、508室,市区白鹭金滩春晓园1幢507、,市区白鹭金滩春晓园1幢,市区白鹭金滩春晓园,,,,,,,,,,,,,
514,江苏省,盐城市,射阳县,新坍镇新坍子居委会一组亿阳工业集区,,,,,,,,,,,,,,,,
515,浙江省,杭州市,萧山区,河上镇下门村,,,,,,,,,,,,,,,,
516,浙江省,杭州市,萧山区,宁围镇佳境天成天合苑s幢s单元s室,,,,,,,,,,,,,,,,
517,吉林省,白山市,临江市,工业园区,,,,,,,,,,,,,,,,
518,浙江省,杭州市,萧山区,河上镇大桥村,,,,,,,,,,,,,,,,
519,,,,萧山蜀山街道祝家桥村、沙里吴村,,,,,,,,,,,,,,,,
520,浙江省,杭州市,萧山区,河上镇紫霞村,,,,,,,,,,,,,,,,
521,,,,柯桥中洲大厦0610-0622、0701-0722、0801室,柯桥中洲大厦0610-0622、0701-0722、,柯桥中洲大厦0610-0622、0701-,柯桥中洲大厦0610-0622、,柯桥中洲大厦0610-,柯桥中洲大厦,,,,,,,,,,,
522,,,,丰惠镇镇东,,,,,,,,,,,,,,,,
523,浙江省,绍兴市,嵊州市,盛都花苑中区s70,盛都花苑中区s,,,,,,,,,,,,,,,
524,浙江省,绍兴市,诸暨市,阮市镇桃园村（1号,阮市镇桃园村（,,,,,,,,,,,,,,,
525,浙江省,绍兴市,诸暨市,浬浦镇中金路2号,浬浦镇中金路,,,,,,,,,,,,,,,
526,河南省,山南市,,齐贤镇山南村南新河南s幢,,,,,,,,,,,,,,,,
527,,,,柯桥中洲大厦0802-0822,柯桥中洲大厦0802-,柯桥中洲大厦,,,,,,,,,,,,,,
528,,,,柯桥福欣大厦1幢0303室,柯桥福欣大厦1幢,柯桥福欣大厦,,,,,,,,,,,,,,
529,浙江省,绍兴市,嵊州市,长乐镇开元人民东路6号,长乐镇开元人民东路,,,,,,,,,,,,,,,
530,,,,绍兴县孙端镇许家[U1K]村s幢,绍兴县孙端镇许家[U,,,,,,,,,,,,,,,
531,,,,柯桥湖中园小区桃花苑s号,,,,,,,,,,,,,,,,
532,,,,K]根以柯1475兴越路s号国贸7心2601区2603幢s-s室,K]根以柯1475兴越路s号国贸7心2601区,K]根以柯1475兴越路s号国贸7心,K]根以柯1475兴越路s号国贸,K]根以柯,,,,,,,,,,,,
533,浙江省,绍兴市,,柯桥领先国际贸易中心1幢0302、0401、0504、0506、0508、0507、0509、0501、0505室,柯桥领先国际贸易中心1幢0302、0401、0504、0506、0508、0507、0509、0501、,柯桥领先国际贸易中心1幢0302、0401、0504、0506、0508、0507、0509、,柯桥领先国际贸易中心1幢0302、0401、0504、0506、0508、0507、,柯桥领先国际贸易中心1幢0302、0401、0504、0506、0508、,柯桥领先国际贸易中心1幢0302、0401、0504、0506、,柯桥领先国际贸易中心1幢0302、0401、0504、,柯桥领先国际贸易中心1幢0302、0401、,柯桥领先国际贸易中心1幢0302、,柯桥领先国际贸易中心1幢,柯桥领先国际贸易中心,,,,,,
534,浙江省,绍兴市,嵊州市,惠民街18号,惠民街,,,,,,,,,,,,,,,
535,,,,解放南路695号114室、697号115室和673号118室,解放南路695号114室、697号115室和673号,解放南路695号114室、697号115室和,解放南路695号114室、697号,解放南路695号114室、,解放南路695号,解放南路,,,,,,,,,,
536,浙江省,绍兴市,越城区,城南大道s,,,,,,,,,,,,,,,,
537,浙江省,绍兴市,诸暨市,璜山镇鼎新村,,,,,,,,,,,,,,,,
538,,,,大唐镇大松村,,,,,,,,,,,,,,,,
539,浙江省,绍兴市,,二环北路499号,二环北路,,,,,,,,,,,,,,,
540,,,,柯岩街道州山河塔、埠头、里庄村,,,,,,,,,,,,,,,,
541,浙江省,绍兴市,诸暨市,草塔镇[UNK]塘东村,,,,,,,,,,,,,,,,
542,浙江省,绍兴市,柯桥区,钱清镇东坂村,,,,,,,,,,,,,,,,
543,浙江省,绍兴市,嵊州市,惠民街18号,惠民街,,,,,,,,,,,,,,,
544,浙江省,绍兴市,南区,柯桥兴越路1475号绍兴国贸中心（南区）7幢2407室,柯桥兴越路1475号绍兴国贸中心（南区）7幢,柯桥兴越路1475号绍兴国贸中心（南区）,柯桥兴越路,,,,,,,,,,,,,
545,,,,绍兴县海涂九一丘,,,,,,,,,,,,,,,,
546,,,,杭州湾工业园区纬五路,,,,,,,,,,,,,,,,
547,浙江省,绍兴市,新昌县,梅渚镇兴梅大道39号(1号,梅渚镇兴梅大道39号(,梅渚镇兴梅大道,,,,,,,,,,,,,,
548,浙江省,绍兴市,新昌县,七星街道塔山村老洋桥脚下坂,,,,,,,,,,,,,,,,
549,,,,暨阳街道艮塔西路30号综合楼6-7号,暨阳街道艮塔西路30号综合楼6-,暨阳街道艮塔西路30号综合楼,暨阳街道艮塔西路,,,,,,,,,,,,,
550,,,,柯桥精工广场6幢103-403室,柯桥精工广场6幢103-,柯桥精工广场6幢,柯桥精工广场,,,,,,,,,,,,,
551,,,,柯桥区福全镇正帝山村,,,,,,,,,,,,,,,,
552,,,,柯桥蓝天市心广场s幢s室,,,,,,,,,,,,,,,,
553,浙江省,绍兴市,嵊州市,经济开发区浦东大道149号,经济开发区浦东大道,,,,,,,,,,,,,,,
554,浙江省,绍兴市,嵊州市,领带工业园区仙湖路832号,领带工业园区仙湖路,,,,,,,,,,,,,,,
555,,,,,,,,,,,,,,,,,,,,
556,,,,盐官镇丰兴路355、357、359号,盐官镇丰兴路355、357、,盐官镇丰兴路355、,盐官镇丰兴路,,,,,,,,,,,,,
557,浙江省,嘉兴市,,广益路1319号中创电气商贸园1幢30174.17号,广益路1319号中创电气商贸园1幢30174.,广益路1319号中创电气商贸园1幢,广益路1319号中创电气商贸园,广益路,,,,,,,,,,,,
558,山东省,滨州市,滨城区,于山东省滨州市滨城区滨北镇张富路21号,于山东省滨州市滨城区滨北镇张富路,,,,,,,,,,,,,,,
559,江苏省,泰州市,海陵区,荣星公寓市场西幢,,,,,,,,,,,,,,,,
560,,,,中山路江南大厦东侧铭楼,,,,,,,,,,,,,,,,
561,,,,乍浦天妃苑桂圆坊57幢,乍浦天妃苑桂圆坊,,,,,,,,,,,,,,,
562,浙江省,绍兴市,,柯桥区华舍街道柯西钱陶路2777号,柯桥区华舍街道柯西钱陶路,,,,,,,,,,,,,,,
563,福建省,南平市,顺昌县,双溪城南中路棋盘厂9号,双溪城南中路棋盘厂,,,,,,,,,,,,,,,
564,浙江省,绍兴市,,孙端镇张家沥村1幢、2幢,孙端镇张家沥村1幢、,孙端镇张家沥村,,,,,,,,,,,,,,
565,,,,柯桥安昌镇朱家[UNK]村,,,,,,,,,,,,,,,,
566,江苏省,淮安市,,洪泽浔河花苑a幢东17、18、19、20室,洪泽浔河花苑a幢东17、18、19、,洪泽浔河花苑a幢东17、18、,洪泽浔河花苑a幢东17、,洪泽浔河花苑a幢东,,,,,,,,,,,,
567,,,,,,,,,,,,,,,,,,,,
568,浙江省,绍兴市,柯桥区,,,,,,,,,,,,,,,,,
569,,,,武义经济开发区百花山工业园区,,,,,,,,,,,,,,,,
570,,,,武义经济开发区百花山,,,,,,,,,,,,,,,,
571,浙江省,衢州市,江山市,鹿来山庄175号,鹿来山庄,,,,,,,,,,,,,,,
572,浙江省,金华市,义乌市,稠城稠州北路1121号福田大厦606室,稠城稠州北路1121号福田大厦,稠城稠州北路,,,,,,,,,,,,,,
573,江西省,九江市,修水县,义宁镇修水工业园吴都项目区,,,,,,,,,,,,,,,,
574,浙江省,金华市,东阳市,南市街道下陈宅村,,,,,,,,,,,,,,,,
575,浙江省,温州市,武义县,百花山工业区温州工业城,,,,,,,,,,,,,,,,
576,浙江省,金华市,永康市,江南高川花苑1幢,江南高川花苑,,,,,,,,,,,,,,,
577,浙江省,绍兴市,诸暨市,友谊路138号,友谊路,,,,,,,,,,,,,,,
578,浙江省,金华市,武义县,百花山工业园区,,,,,,,,,,,,,,,,
579,浙江省,金华市,武义县,桐琴凤凰山工业区,,,,,,,,,,,,,,,,
580,,,,龙洲街道,,,,,,,,,,,,,,,,
581,浙江省,金华市,义乌市,上溪镇义西工业园区,,,,,,,,,,,,,,,,
582,,,,武义经济开发区百花山,,,,,,,,,,,,,,,,
583,浙江省,金华市,永康市,下园朱201号,下园朱,,,,,,,,,,,,,,,
584,浙江省,衢州市,东港市,三路79号（东侧1）,三路79号（东侧,三路,,,,,,,,,,,,,,
585,浙江省,金华市,义乌市,化工路325号,化工路,,,,,,,,,,,,,,,
586,,,,吴宁街道通江路8号,吴宁街道通江路,,,,,,,,,,,,,,,
587,浙江省,金华市,东阳市,吴宁街道兴平西路s60,吴宁街道兴平西路s,,,,,,,,,,,,,,,
588,浙江省,金华市,东阳市,南市街道下陈宅村,,,,,,,,,,,,,,,,
589,浙江省,金华市,东阳市,江北街道甘溪西街157-1、157-2、157-3号,江北街道甘溪西街157-1、157-2、157-,江北街道甘溪西街157-1、157-2、,江北街道甘溪西街157-1、157-,江北街道甘溪西街157-1、,江北街道甘溪西街157-,江北街道甘溪西街,,,,,,,,,,
590,浙江省,金华市,武义县,百花山工业园区,,,,,,,,,,,,,,,,
591,浙江省,金华市,武义县,百花山工业园区,,,,,,,,,,,,,,,,
592,浙江省,金华市,义乌市,北苑丹溪四区12幢101室,北苑丹溪四区12幢,北苑丹溪四区,,,,,,,,,,,,,,
593,浙江省,金华市,义乌市,城店南路446、448、450号,城店南路446、448、,城店南路446、,城店南路,,,,,,,,,,,,,
594,浙江省,金华市,东阳市,白云街,,,,,,,,,,,,,,,,
595,浙江省,金华市,浦江县,恒昌大道89号,恒昌大道,,,,,,,,,,,,,,,
596,浙江省,衢州市,衢江区,芳桂北路6号,芳桂北路,,,,,,,,,,,,,,,
597,浙江省,金华市,义乌市,义北工业园区苏华街5号,义北工业园区苏华街,,,,,,,,,,,,,,,
598,上海市,上海市,,中山西路s号s室,,,,,,,,,,,,,,,,
599,浙江省,衢州市,东港市,衢江经济开发区东港二路18号2幢,衢江经济开发区东港二路18号,衢江经济开发区东港二路,,,,,,,,,,,,,,
600,浙江省,衢州市,常山县,天马街道文峰东路279、279-1、279-2、279-3、279-4号,天马街道文峰东路279、279-1、279-2、279-3、279-,天马街道文峰东路279、279-1、279-2、279-3、,天马街道文峰东路279、279-1、279-2、279-,天马街道文峰东路279、279-1、279-2、,天马街道文峰东路279、279-1、279-,天马街道文峰东路279、279-1、,天马街道文峰东路279、279-,天马街道文峰东路279、,天马街道文峰东路,,,,,,,
601,浙江省,衢州市,东港市,衢江经济开发区东港三路6号,衢江经济开发区东港三路,,,,,,,,,,,,,,,
602,浙江省,衢州市,江山市,鹿溪路38幢202-1号、202-3号,鹿溪路38幢202-1号、202-,鹿溪路38幢202-1号、,鹿溪路38幢202-,鹿溪路38幢,鹿溪路,,,,,,,,,,,
603,浙江省,衢州市,江山市,,,,,,,,,,,,,,,,,
604,,,,浦江经济开发区永在大道999号,浦江经济开发区永在大道,,,,,,,,,,,,,,,
605,浙江省,金华市,,翠竹庭院s幢,,,,,,,,,,,,,,,,
606,浙江省,金华市,东阳市,南马镇泉府村,,,,,,,,,,,,,,,,
607,浙江省,金华市,东阳市,白云街道西城工业园区,,,,,,,,,,,,,,,,
608,浙江省,金华市,浦江县,浦阳镇大桥南路18号,浦阳镇大桥南路,,,,,,,,,,,,,,,
609,浙江省,金华市,永康市,西城街道四方路75号,西城街道四方路,,,,,,,,,,,,,,,
610,浙江省,金华市,东阳市,南马镇华西村双桐,,,,,,,,,,,,,,,,
611,浙江省,金华市,浦江县,仙华街道保尔路117号,仙华街道保尔路,,,,,,,,,,,,,,,
612,,,,浦江经济开发区永在大道999号,浦江经济开发区永在大道,,,,,,,,,,,,,,,
613,浙江省,金华市,义乌市,丹溪北路18号0104、0107室,丹溪北路18号0104、,丹溪北路18号,丹溪北路,,,,,,,,,,,,,
614,浙江省,金华市,义乌市,锦都豪苑.盛世家园6幢3单元502室,锦都豪苑.盛世家园6幢3单元,锦都豪苑.盛世家园6幢,锦都豪苑.盛世家园,,,,,,,,,,,,,
615,浙江省,金华市,义乌市,北苑工业园,,,,,,,,,,,,,,,,
616,浙江省,金华市,义乌市,江东南路617号201、401、501、601室、615号101、201、401、501室、江东南路615-301、617-301、619-202室,江东南路617号201、401、501、601室、615号101、201、401、501室、江东南路615-301、617-301、619-,江东南路617号201、401、501、601室、615号101、201、401、501室、江东南路615-301、617-301、,江东南路617号201、401、501、601室、615号101、201、401、501室、江东南路615-301、617-,江东南路617号201、401、501、601室、615号101、201、401、501室、江东南路615-301、,江东南路617号201、401、501、601室、615号101、201、401、501室、江东南路615-,江东南路617号201、401、501、601室、615号101、201、401、501室、江东南路,江东南路617号201、401、501、601室、615号101、201、401、,江东南路617号201、401、501、601室、615号101、201、,江东南路617号201、401、501、601室、615号101、,江东南路617号201、401、501、601室、615号,江东南路617号201、401、501、601室、,江东南路617号201、401、501、,江东南路617号201、401、,江东南路617号201、,江东南路617号,江东南路
617,浙江省,金华市,义乌市,后宅城北路k9号,后宅城北路k,,,,,,,,,,,,,,,
618,,,,上虞市梁湖镇工业区,,,,,,,,,,,,,,,,
619,上海市,上海市,金山区,亭林镇金腾路1111号1幢1-3层,亭林镇金腾路1111号1幢1-,亭林镇金腾路1111号1幢,亭林镇金腾路1111号,亭林镇金腾路,,,,,,,,,,,,
620,浙江省,绍兴市,诸暨市,陶朱街道万旺,,,,,,,,,,,,,,,,
621,,,,陶朱街道城西开发区建工路6号,陶朱街道城西开发区建工路,,,,,,,,,,,,,,,
622,,,,湖塘街道镜湖山庄（碧桂园）9幢,湖塘街道镜湖山庄（碧桂园）,,,,,,,,,,,,,,,
623,浙江省,绍兴市,柯桥区,兰亭镇工业园区3幢、4幢、5幢,兰亭镇工业园区3幢、4幢、,兰亭镇工业园区3幢、,兰亭镇工业园区,,,,,,,,,,,,,
624,浙江省,杭州市,萧山区,进化镇涂川村,,,,,,,,,,,,,,,,
625,浙江省,绍兴市,诸暨市,店口镇工业区,,,,,,,,,,,,,,,,
626,,,,柯桥福欣大厦1幢西1801-1805室、1901室、2001室、2101室和2201室,柯桥福欣大厦1幢西1801-1805室、1901室、2001室、2101室和,柯桥福欣大厦1幢西1801-1805室、1901室、2001室、,柯桥福欣大厦1幢西1801-1805室、1901室、,柯桥福欣大厦1幢西1801-1805室、,柯桥福欣大厦1幢西1801-,柯桥福欣大厦1幢西,柯桥福欣大厦,,,,,,,,,
627,,,,陶朱街道西二环路288号外贸,陶朱街道西二环路,,,,,,,,,,,,,,,
628,浙江省,绍兴市,诸暨市,安华镇河杨村（双佳路1号）,安华镇河杨村（双佳路,,,,,,,,,,,,,,,
629,浙江省,绍兴市,越城区,中区大厦301室、302室、303室、304室、305室,中区大厦301室、302室、303室、304室、,中区大厦301室、302室、303室、,中区大厦301室、302室、,中区大厦301室、,中区大厦,,,,,,,,,,,
630,浙江省,绍兴市,,百合花园9幢二单元1707室、1708室,百合花园9幢二单元1707室、,百合花园9幢二单元,百合花园,,,,,,,,,,,,,
631,山东省,滨州市,,黄河四路655号,黄河四路,,,,,,,,,,,,,,,
632,浙江省,绍兴市,诸暨市,店口镇华东汽配水暖城5幢87、88、89号及3单元302室,店口镇华东汽配水暖城5幢87、88、89号及3单元,店口镇华东汽配水暖城5幢87、88、89号及,店口镇华东汽配水暖城5幢87、88、,店口镇华东汽配水暖城5幢87、,店口镇华东汽配水暖城5幢,店口镇华东汽配水暖城,,,,,,,,,,
633,浙江省,绍兴市,诸暨市,山下湖镇杨子山村,,,,,,,,,,,,,,,,
634,浙江省,绍兴市,诸暨市,阮市镇金岭村,,,,,,,,,,,,,,,,
635,贵州省,贵阳市,清镇市,钱清镇万兴庄园银爵园22幢02室,钱清镇万兴庄园银爵园22幢,钱清镇万兴庄园银爵园,,,,,,,,,,,,,,
636,,,,柯桥安昌镇九墩村印染厂北及安昌镇九鼎村,,,,,,,,,,,,,,,,
637,,,,龙游城南工业区龙云路1号,龙游城南工业区龙云路,,,,,,,,,,,,,,,
638,浙江省,衢州市,东港市,一路10号,一路,,,,,,,,,,,,,,,
639,湖北省,衢州市,衢江区,临湖北路18号,临湖北路,,,,,,,,,,,,,,,
640,浙江省,金华市,永康市,江南下园朱202号,江南下园朱,,,,,,,,,,,,,,,
641,浙江省,金华市,东阳市,西城工业园区,,,,,,,,,,,,,,,,
642,浙江省,金华市,武义县,东干凤凰山工业区,,,,,,,,,,,,,,,,
643,浙江省,金华市,兰溪市,兰江美庐苑36号,兰江美庐苑,,,,,,,,,,,,,,,
644,浙江省,金华市,东阳市,吴宁街道城南西路53号,吴宁街道城南西路,,,,,,,,,,,,,,,
645,浙江省,金华市,婺城区,华龙南街s号蓝1008花园s幢s39,华龙南街s号蓝1008花园s幢s,华龙南街s号蓝,,,,,,,,,,,,,,
646,浙江省,金华市,永康市,西城上田桥村桐塘山背,,,,,,,,,,,,,,,,
647,浙江省,金华市,东阳市,横店镇昌盛路62号,横店镇昌盛路,,,,,,,,,,,,,,,
648,浙江省,金华市,永康市,经济开发区九州西路387号,经济开发区九州西路,,,,,,,,,,,,,,,
649,安徽省,铜陵市,永康市,经济开发区铜陵西路338号,经济开发区铜陵西路,,,,,,,,,,,,,,,
650,浙江省,金华市,义乌市,欧景花园a区5幢2单元1005室、1006室、1007室,欧景花园a区5幢2单元1005室、1006室、,欧景花园a区5幢2单元1005室、,欧景花园a区5幢2单元,欧景花园a区5幢,欧景花园a区,,,,,,,,,,,
651,浙江省,金华市,义乌市,大陈镇,,,,,,,,,,,,,,,,
652,浙江省,金华市,义乌市,义南工业功能区达摩路126号,义南工业功能区达摩路,,,,,,,,,,,,,,,
653,浙江省,金华市,东阳市,吴宁街道城南东路皇家别墅e区11号,吴宁街道城南东路皇家别墅e区,,,,,,,,,,,,,,,
654,浙江省,金华市,磐安县,新城区欧凯路6号,新城区欧凯路,,,,,,,,,,,,,,,
655,浙江省,金华市,永康市,总部中心金品大厦3-4楼,总部中心金品大厦3-,总部中心金品大厦,,,,,,,,,,,,,,
656,浙江省,金华市,,环城南路888号,环城南路,,,,,,,,,,,,,,,
657,浙江省,金华市,永康市,江南金胜路338号、342号,江南金胜路338号、,江南金胜路,,,,,,,,,,,,,,
658,浙江省,金华市,永康市,江南金胜路380号、382号,江南金胜路380号、,江南金胜路,,,,,,,,,,,,,,
659,,,,武义白洋街道万石院,,,,,,,,,,,,,,,,
660,浙江省,金华市,永康市,东城锦湖苑256号,东城锦湖苑,,,,,,,,,,,,,,,
661,浙江省,金华市,东阳市,南马镇葛府村葛三,,,,,,,,,,,,,,,,
662,浙江省,金华市,东阳市,白云街道东义路56号,白云街道东义路,,,,,,,,,,,,,,,
663,浙江省,金华市,东阳市,防军镇溪西村,,,,,,,,,,,,,,,,
664,浙江省,金华市,武义县,泉溪镇金岩山工业区,,,,,,,,,,,,,,,,
665,浙江省,金华市,兰溪市,诸葛镇[UNK]塘[UNK]村,,,,,,,,,,,,,,,,
666,浙江省,金华市,兰溪市,水亭畲族乡下方泉村,,,,,,,,,,,,,,,,
667,浙江省,金华市,兰溪市,和平路181号3单元401室,和平路181号3单元,和平路181号,和平路,,,,,,,,,,,,,
668,浙江省,金华市,兰溪市,劳动路74号,劳动路,,,,,,,,,,,,,,,
669,浙江省,金华市,兰溪市,劳动路74号的-1-4层,劳动路74号的-1-,劳动路74号的-,劳动路,,,,,,,,,,,,,
670,浙江省,金华市,兰溪市,经济开发区映月路8号,经济开发区映月路,,,,,,,,,,,,,,,
671,浙江省,金华市,兰溪市,经济开发区登胜路16号,经济开发区登胜路,,,,,,,,,,,,,,,
672,,,,,,,,,,,,,,,,,,,,
673,浙江省,金华市,兰溪市,上华街道致远路85号,上华街道致远路,,,,,,,,,,,,,,,
674,浙江省,金华市,兰溪市,兰江街道五里亭村33幢3-401,兰江街道五里亭村33幢3-,兰江街道五里亭村33幢,兰江街道五里亭村,,,,,,,,,,,,,
675,浙江省,金华市,浦江县,黄宅镇丰安路以西,,,,,,,,,,,,,,,,
676,浙江省,衢州市,,荷花西路362幢1-13层,荷花西路362幢1-,荷花西路362幢,荷花西路,,,,,,,,,,,,,
677,浙江省,衢州市,江山市,环城西路83号，1-4楼,环城西路83号，1-,环城西路83号，,环城西路,,,,,,,,,,,,,
678,浙江省,衢州市,常山县,文峰街道天马路37-6号,文峰街道天马路37-,文峰街道天马路,,,,,,,,,,,,,,
679,浙江省,衢州市,常山县,金川街道思泉路21号,金川街道思泉路,,,,,,,,,,,,,,,
680,浙江省,衢州市,江山市,淤头村淤头岗自然村89号,淤头村淤头岗自然村,,,,,,,,,,,,,,,
681,浙江省,衢州市,常山县,金川街道新都东大道192号,金川街道新都东大道,,,,,,,,,,,,,,,
682,浙江省,衢州市,龙游县,城北工业园区北斗大道1-5号,城北工业园区北斗大道1-,城北工业园区北斗大道,,,,,,,,,,,,,,
683,浙江省,衢州市,,石梁镇衢门山4号,石梁镇衢门山,,,,,,,,,,,,,,,
684,浙江省,衢州市,常山县,新都工业园区,,,,,,,,,,,,,,,,
685,浙江省,衢州市,常山县,金川街道龙江路7号,金川街道龙江路,,,,,,,,,,,,,,,
686,浙江省,衢州市,,衢江经济开发区天湖南路67号,衢江经济开发区天湖南路,,,,,,,,,,,,,,,
687,江西省,上饶市,信州区,吉阳路以东、茶圣路以北,,,,,,,,,,,,,,,,
688,浙江省,衢州市,,黄家街道十五里村东侧,,,,,,,,,,,,,,,,
689,浙江省,衢州市,常山县,工业园区,,,,,,,,,,,,,,,,
690,,,东区,金西经济开发区金西东区048-1号,金西经济开发区金西东区048-,金西经济开发区金西东区,,,,,,,,,,,,,,
691,浙江省,金华市,婺城区,龙乾南街555号,龙乾南街,,,,,,,,,,,,,,,
692,浙江省,金华市,东阳市,南马镇华西村双桐、溪西村,,,,,,,,,,,,,,,,
693,浙江省,金华市,东阳市,江北街道华店工业园区,,,,,,,,,,,,,,,,
694,浙江省,金华市,永康市,白[UNK]里嘉园46区s号,白[UNK]里嘉园,,,,,,,,,,,,,,,
695,浙江省,金华市,,宾虹路1488号,宾虹路,,,,,,,,,,,,,,,
696,,,,长湖路259号,长湖路,,,,,,,,,,,,,,,
697,浙江省,金华市,东阳市,江北街道办事处广福东街以南b-3-1,江北街道办事处广福东街以南b-3-,江北街道办事处广福东街以南b-,,,,,,,,,,,,,,
698,广东省,中山市,东阳市,白云街道中山社区西庄居民小区,,,,,,,,,,,,,,,,
699,,,,吴宁镇东岘新村156幢2号,吴宁镇东岘新村156幢,吴宁镇东岘新村,,,,,,,,,,,,,,
700,浙江省,金华市,新城区,婺城新城区临江区块,,,,,,,,,,,,,,,,
701,浙江省,金华市,东阳市,兴平西路125号,兴平西路,,,,,,,,,,,,,,,
702,浙江省,金华市,东阳市,南马镇振兴东路18号,南马镇振兴东路,,,,,,,,,,,,,,,
703,浙江省,金华市,,神丽路888号,神丽路,,,,,,,,,,,,,,,
704,,,,金西经济开发区,,,,,,,,,,,,,,,,
705,,,,,,,,,,,,,,,,,,,,
706,浙江省,金华市,东阳市,六石街道办事处张麻车村,,,,,,,,,,,,,,,,
707,,,,泉溪镇金岩山工业功能区,,,,,,,,,,,,,,,,
708,浙江省,金华市,永康市,西城街道徐工路58号,西城街道徐工路,,,,,,,,,,,,,,,
709,浙江省,金华市,永康市,西城永兴路21-23号,西城永兴路21-,西城永兴路,,,,,,,,,,,,,,
710,浙江省,金华市,武义县,白洋街道牛背金工业区,,,,,,,,,,,,,,,,
711,,,,东城五金北路306、308号,东城五金北路306、,东城五金北路,,,,,,,,,,,,,,
712,江苏省,镇江市,永康市,石柱镇江瑶村江瑶山山背,,,,,,,,,,,,,,,,
713,浙江省,金华市,永康市,西城工业区,,,,,,,,,,,,,,,,
714,浙江省,金华市,永康市,西城工业区,,,,,,,,,,,,,,,,
715,,,,桐琴东干凤凰山工业区,,,,,,,,,,,,,,,,
716,浙江省,金华市,武义县,泉溪镇金岩山工业功能区,,,,,,,,,,,,,,,,
717,浙江省,金华市,武义县,壶山街道黄龙工业区,,,,,,,,,,,,,,,,
718,浙江省,金华市,东阳市,南马镇泉府村泉府,,,,,,,,,,,,,,,,
719,浙江省,金华市,永康市,花街镇金古泉工业生产基地,,,,,,,,,,,,,,,,
720,浙江省,金华市,武义县,白洋街道荷花路1号,白洋街道荷花路,,,,,,,,,,,,,,,
721,浙江省,金华市,永康市,龙山镇凤山嘴,,,,,,,,,,,,,,,,
722,,,,江南白[UNK]里5园2302区s幢19号（第s层）,江南白[UNK]里5园2302区s幢,江南白[UNK]里5园,江南白[UNK]里,,,,,,,,,,,,,
723,浙江省,金华市,永康市,东城华溪北路270号、272号、274号、276号、278号（-1-5层）,东城华溪北路270号、272号、274号、276号、278号（-1-,东城华溪北路270号、272号、274号、276号、278号（-,东城华溪北路270号、272号、274号、276号、,东城华溪北路270号、272号、274号、,东城华溪北路270号、272号、,东城华溪北路270号、,东城华溪北路,,,,,,,,,
724,浙江省,金华市,永康市,西城工业区,,,,,,,,,,,,,,,,
725,浙江省,金华市,武义县,茭道镇胡宅垄村,,,,,,,,,,,,,,,,
726,浙江省,金华市,武义县,白洋街道王大路2号,白洋街道王大路,,,,,,,,,,,,,,,
727,浙江省,杭州市,城区,下城区西子铭苑2幢202室,下城区西子铭苑2幢,下城区西子铭苑,,,,,,,,,,,,,,
728,浙江省,金华市,武义县,桐琴镇东皋凤凰山工业功能区桐塘区块6号,桐琴镇东皋凤凰山工业功能区桐塘区块,,,,,,,,,,,,,,,
729,,,,白[U2K86里s区s号,白[U2K,白[U,,,,,,,,,,,,,,
730,浙江省,金华市,永康市,江南白[UNK]里16园二区s号,江南白[UNK]里,,,,,,,,,,,,,,,
731,浙江省,绍兴市,嵊州市,浦南大道288号,浦南大道,,,,,,,,,,,,,,,
732,浙江省,绍兴市,嵊州市,迪贝路121号,迪贝路,,,,,,,,,,,,,,,
733,浙江省,绍兴市,诸暨市,店口镇湄东、江东社区,,,,,,,,,,,,,,,,
734,浙江省,绍兴市,诸暨市,山下湖扬子山村珠乡风情,,,,,,,,,,,,,,,,
735,浙江省,绍兴市,柯桥区,平水镇维多利亚庄园26幢,平水镇维多利亚庄园,,,,,,,,,,,,,,,
736,,,,滨海工业区城红村,,,,,,,,,,,,,,,,
737,,,,柯桥金汇大厦,,,,,,,,,,,,,,,,
738,浙江省,绍兴市,诸暨市,牌头镇中华村,,,,,,,,,,,,,,,,
739,,,,百官街道金通华府,,,,,,,,,,,,,,,,
740,浙江省,绍兴市,越城区,玉园,,,,,,,,,,,,,,,,
741,,,,,,,,,,,,,,,,,,,,
742,浙江省,绍兴市,诸暨市,店口镇湖西村,,,,,,,,,,,,,,,,
743,浙江省,杭州市,萧山区,东信莱茵园1幢1单元502室,东信莱茵园1幢1单元,东信莱茵园1幢,东信莱茵园,,,,,,,,,,,,,
744,浙江省,杭州市,萧山区,益农镇民围村,,,,,,,,,,,,,,,,
745,浙江省,杭州市,萧山区,戴村镇郁家山下村,,,,,,,,,,,,,,,,
746,吉林省,白山市,临江市,萧山临江工业园区长风路3333号,萧山临江工业园区长风路,,,,,,,,,,,,,,,
747,浙江省,杭州市,萧山区,北干街道风情大道339号,北干街道风情大道,,,,,,,,,,,,,,,
748,浙江省,金华市,东阳市,服装工业园区,,,,,,,,,,,,,,,,
749,浙江省,金华市,永康市,东城金城路283弄4幢3号,东城金城路283弄4幢,东城金城路283弄,东城金城路,,,,,,,,,,,,,
750,浙江省,金华市,东阳市,江北街道猴塘社区甘东居民小区,,,,,,,,,,,,,,,,
751,,,,武义桐琴五金机械工业园区,,,,,,,,,,,,,,,,
752,浙江省,金华市,东阳市,吴宁街道兴平西路60号,吴宁街道兴平西路,,,,,,,,,,,,,,,
753,浙江省,金华市,兰溪市,经济开发区雁洲路南侧,,,,,,,,,,,,,,,,
754,浙江省,金华市,浦江县,黄宅镇工业园区振业路58号,黄宅镇工业园区振业路,,,,,,,,,,,,,,,
755,,,,常山新都工业园,,,,,,,,,,,,,,,,
756,,,,,,,,,,,,,,,,,,,,
757,浙江省,衢州市,常山县,天马镇外港,,,,,,,,,,,,,,,,
758,浙江省,衢州市,常山县,天马镇童家房产共9幢,天马镇童家房产共,,,,,,,,,,,,,,,
759,浙江省,衢州市,柯城区,花园街道通衢街8号,花园街道通衢街,,,,,,,,,,,,,,,
760,浙江省,衢州市,,衢江经济开发区春苑中路12号,衢江经济开发区春苑中路,,,,,,,,,,,,,,,
761,浙江省,衢州市,柯城区,盘龙南路2号5幢,盘龙南路2号,盘龙南路,,,,,,,,,,,,,,
762,上海市,上海市,宝山区,顾北路的[UNK]顾村依云湾78业街,顾北路的[UNK]顾村依云湾,,,,,,,,,,,,,,,
763,,,,新政镇兴业大道一段18号（第1幢[U15K]第s幢,新政镇兴业大道一段18号（第1幢[U,新政镇兴业大道一段18号（第,新政镇兴业大道一段,,,,,,,,,,,,,
764,天津市,天津市,津南区,君汇名邸一号楼,,,,,,,,,,,,,,,,
765,天津市,天津市,西青区,津港大道13号,津港大道,,,,,,,,,,,,,,,
766,天津市,天津市,南开区,红旗南路彩虹花园46号,红旗南路彩虹花园,,,,,,,,,,,,,,,
767,天津市,天津市,武清区,新城雍阳西道南侧盛世馨园5-3门、5-2门、6-3,新城雍阳西道南侧盛世馨园5-3门、5-2门、6-,新城雍阳西道南侧盛世馨园5-3门、5-2门、,新城雍阳西道南侧盛世馨园5-3门、5-,新城雍阳西道南侧盛世馨园5-3门、,新城雍阳西道南侧盛世馨园5-,新城雍阳西道南侧盛世馨园,,,,,,,,,,
768,河北省,天津市,,路210号,路,,,,,,,,,,,,,,,
769,天津市,天津市,河西区,友谊路银都大厦,,,,,,,,,,,,,,,,
770,天津市,天津市,南开区,白堤路馨达园10号楼,白堤路馨达园,,,,,,,,,,,,,,,
771,,,,,,,,,,,,,,,,,,,,
772,,,,,,,,,,,,,,,,,,,,
773,,,,,,,,,,,,,,,,,,,,
774,天津市,天津市,南开区,鞍山西道,,,,,,,,,,,,,,,,
775,天津市,天津市,南开区,鞍山西道,,,,,,,,,,,,,,,,
776,天津市,天津市,滨海新区,中心商务区旷世国际大厦,,,,,,,,,,,,,,,,
777,,,,,,,,,,,,,,,,,,,,
778,,,,,,,,,,,,,,,,,,,,
779,,,和平区,和平路164-170号,和平路164-,和平路,,,,,,,,,,,,,,
780,天津市,天津市,东丽区,金桥路1号,金桥路,,,,,,,,,,,,,,,
781,天津市,天津市,西青区,盛达一支路19号,盛达一支路,,,,,,,,,,,,,,,
782,天津市,天津市,北辰区,汀江路9号,汀江路,,,,,,,,,,,,,,,
783,天津市,天津市,津南区,双河桥镇宝源路33号,双河桥镇宝源路,,,,,,,,,,,,,,,
784,,,,宝[UNK]区九园工业园第三大街西侧,,,,,,,,,,,,,,,,
785,,,,汉沽区茶淀纺纱厂院,,,,,,,,,,,,,,,,
786,,,,新产业园2海泰华科s路,新产业园,,,,,,,,,,,,,,,
787,天津市,天津市,西青区,平方米；西青区外环线七号桥瑞丰1园a区s972.37,平方米；西青区外环线七号桥瑞丰1园a区s972.,平方米；西青区外环线七号桥瑞丰1园a区s,平方米；西青区外环线七号桥瑞丰,,,,,,,,,,,,,
788,天津市,天津市,南开区,红旗南路北段东侧逸秀园2-1-203,红旗南路北段东侧逸秀园2-1-,红旗南路北段东侧逸秀园2-,红旗南路北段东侧逸秀园,,,,,,,,,,,,,
789,,,,南开,,,,,,,,,,,,,,,,
790,天津市,天津市,河西区,福建路福盛花园4-14-901,福建路福盛花园4-14-,福建路福盛花园4-,福建路福盛花园,,,,,,,,,,,,,
791,天津市,天津市,滨海新区,：王相大厦共33层,：王相大厦共,,,,,,,,,,,,,,,
792,,,,空港经济区西11[129NK]s号,空港经济区西11[,空港经济区西,,,,,,,,,,,,,,
793,天津市,天津市,滨海新区,市辖区滨海新区大港迎宾街236号,市辖区滨海新区大港迎宾街,,,,,,,,,,,,,,,
794,香港特别行政区,香港特别行政区,北区,静海县静海经济开发区北区中央大道8号,静海县静海经济开发区北区中央大道,,,,,,,,,,,,,,,
795,,,,开发区微电子工业区微四路8号,开发区微电子工业区微四路,,,,,,,,,,,,,,,
796,,,,,,,,,,,,,,,,,,,,
797,海南省,三亚市,河东区,：三亚市河东区鹿岭路鹿回头半岛半山半岛低层39栋,：三亚市河东区鹿岭路鹿回头半岛半山半岛低层,,,,,,,,,,,,,,,
798,,,,,,,,,,,,,,,,,,,,
799,湖南省,长沙市,和平区,UNK]名下位于和平区南京路与长沙路2口西4704侧都会轩s号楼s,UNK]名下位于和平区南京路与长沙路2口西,UNK]名下位于和平区南京路与长沙路,,,,,,,,,,,,,,
800,天津市,天津市,,塘沽区仕嘉花园3-1-,塘沽区仕嘉花园3-,塘沽区仕嘉花园,,,,,,,,,,,,,,
801,天津市,天津市,滨海新区,大港安和路97号房屋,大港安和路,,,,,,,,,,,,,,,
802,,,,宁河县经济开发区,,,,,,,,,,,,,,,,
803,,,,宁河县芦台镇光明路7号,宁河县芦台镇光明路,,,,,,,,,,,,,,,
804,天津市,天津市,,开发区展望路7号23门101室,开发区展望路7号23门,开发区展望路7号,开发区展望路,,,,,,,,,,,,,
805,天津市,天津市,河东区,商业核心万达广场,,,,,,,,,,,,,,,,
806,天津市,天津市,河北区,中心,,,,,,,,,,,,,,,,
807,天津市,天津市,河西区,解放南路347号盈海园8-2-801、802,解放南路347号盈海园8-2-801、,解放南路347号盈海园8-2-,解放南路347号盈海园8-,解放南路347号盈海园,解放南路,,,,,,,,,,,
808,天津市,天津市,津南区,八里台镇秋经路4号,八里台镇秋经路,,,,,,,,,,,,,,,
809,,,,,,,,,,,,,,,,,,,,
810,,,,陵县经济开发区田园路北侧,,,,,,,,,,,,,,,,
811,浙江省,杭州市,西湖区,蒋村街道紫金港路22号西溪天堂悦居8#楼2单元402室,蒋村街道紫金港路22号西溪天堂悦居8#楼2单元,蒋村街道紫金港路22号西溪天堂悦居8#楼,蒋村街道紫金港路22号西溪天堂悦居,蒋村街道紫金港路,,,,,,,,,,,,
812,,,,,,,,,,,,,,,,,,,,
813,湖南省,郴州市,,开发区万华路五岭山庄（,,,,,,,,,,,,,,,,
814,,,,开发区万华路,,,,,,,,,,,,,,,,
815,湖南省,郴州市,,飞虹路,,,,,,,,,,,,,,,,
816,湖南省,娄底市,,经济技术开发区铁炉冲路,,,,,,,,,,,,,,,,
817,湖南省,娄底市,,经济技术开发区铁炉冲路,,,,,,,,,,,,,,,,
818,湖南省,娄底市,娄星区,东街,,,,,,,,,,,,,,,,
819,湖南省,长沙市,天心区,青园路,,,,,,,,,,,,,,,,
820,,,,,,,,,,,,,,,,,,,,
821,,,,,,,,,,,,,,,,,,,,
822,湖南省,怀化市,会同县,使用权，以及位于湖南省怀化市会同县林城镇东门街（7926.84陵城）,使用权，以及位于湖南省怀化市会同县林城镇东门街（7926.,使用权，以及位于湖南省怀化市会同县林城镇东门街（,,,,,,,,,,,,,,
823,,,,,,,,,,,,,,,,,,,,
824,湖南省,长沙市,宁乡市,经济开发区东升路香樟美地,,,,,,,,,,,,,,,,
825,湖南省,衡阳市,雁峰区,白沙工业园内鸿园路1号,白沙工业园内鸿园路,,,,,,,,,,,,,,,
826,湖南省,长沙市,长沙县,暮云工业园,,,,,,,,,,,,,,,,
827,湖南省,湘潭市,雨湖区,广场街道马家岭路4号18,广场街道马家岭路4号,广场街道马家岭路,,,,,,,,,,,,,,
828,,,,,,,,,,,,,,,,,,,,
829,,,,,,,,,,,,,,,,,,,,
830,湖南省,湘潭市,,九华示范区疏港公路以南、滨江路以西,,,,,,,,,,,,,,,,
831,,,,,,,,,,,,,,,,,,,,
832,湖南省,衡阳市,雁峰区,环城南路47-59号,环城南路47-,环城南路,,,,,,,,,,,,,,
833,湖南省,永州市,祁阳县,浯溪镇白竹路,,,,,,,,,,,,,,,,
834,湖南省,湘潭市,,于湘潭九华示范区响水乡雅艾村星沙村,,,,,,,,,,,,,,,,
835,湖南省,长沙市,浏阳市,两型产业园b栋及c栋,,,,,,,,,,,,,,,,
836,湖南省,益阳市,资阳区,长春工业园白马山社区,,,,,,,,,,,,,,,,
837,湖南省,长沙市,浏阳市,人民西路18号西湖山国际山庄2.,人民西路18号西湖山国际山庄,人民西路,,,,,,,,,,,,,,
838,湖南省,衡阳市,衡东县,石湾镇交通路22237.9㎡,石湾镇交通路22237.,石湾镇交通路,,,,,,,,,,,,,,
839,湖南省,怀化市,鹤城区,鸭嘴岩镇池回村6666.66㎡,鸭嘴岩镇池回村6666.,鸭嘴岩镇池回村,,,,,,,,,,,,,,
840,湖南省,怀化市,中方县,工业园,,,,,,,,,,,,,,,,
841,湖南省,娄底市,娄星区,西阳乡大埠村28384.34㎡,西阳乡大埠村28384.,西阳乡大埠村,,,,,,,,,,,,,,
842,湖南省,邵阳市,洞口县,黄桥镇,,,,,,,,,,,,,,,,
843,湖南省,娄底市,娄星区,西阳乡大埠村28384.34㎡,西阳乡大埠村28384.,西阳乡大埠村,,,,,,,,,,,,,,
844,湖南省,湘潭市,湘乡市,昆仑桥办事处五里村八组,,,,,,,,,,,,,,,,
845,,,,,,,,,,,,,,,,,,,,
846,,,,永顺灵溪镇大西街、河西街,,,,,,,,,,,,,,,,
847,,,,,,,,,,,,,,,,,,,,
848,湖南省,湘西土家族苗族自治州,泸溪县,白沙镇人民南路520.31平方米,白沙镇人民南路520.,白沙镇人民南路,,,,,,,,,,,,,,
849,湖南省,湘西土家族苗族自治州,吉首市,五里牌,,,,,,,,,,,,,,,,
850,湖南省,常德市,津市市,嘉山开发新区,,,,,,,,,,,,,,,,
851,,,,郑家湾及姚家界分场,,,,,,,,,,,,,,,,
852,湖南省,张家界市,永定区,大庸桥街道办事处永定区大桥街道办事处,,,,,,,,,,,,,,,,
853,湖南省,常德市,,人民中路,,,,,,,,,,,,,,,,
854,湖南省,常德市,鼎城区,武陵镇王家铺村,,,,,,,,,,,,,,,,
855,,,,武陵镇王家铺村,,,,,,,,,,,,,,,,
856,,,,,,,,,,,,,,,,,,,,
857,江西省,宜春市,,经济技术开发区春顺路以南,,,,,,,,,,,,,,,,
858,湖南省,湘潭市,,于湘潭,,,,,,,,,,,,,,,,
859,湖南省,益阳市,沅江市,经济开发区大地路,,,,,,,,,,,,,,,,
860,湖南省,常德市,津市市,嘉山开发新区,,,,,,,,,,,,,,,,
861,湖南省,怀化市,洪江市,区岩门1号工业园,区岩门,,,,,,,,,,,,,,,
862,湖南省,怀化市,东兴市,街第21栋,街第,,,,,,,,,,,,,,,
863,,,,中山北路188号1543.6平方米,中山北路188号1543.,中山北路188号,中山北路,,,,,,,,,,,,,
864,湖南省,衡阳市,珠晖区,茶山坳镇,,,,,,,,,,,,,,,,
865,,,,鱼拱嘴21号,鱼拱嘴,,,,,,,,,,,,,,,
